Created by PLY version 3.11 (http://www.dabeaz.com/ply)

Grammar

Rule 0     S' -> program
Rule 1     program -> external_list
Rule 2     external_list -> <empty>
Rule 3     external_list -> external_list external_declaration
Rule 4     external_declaration -> declaration
Rule 5     external_declaration -> function_def
Rule 6     declaration -> type_specifier init_declarator_list SEMICOLON
Rule 7     init_declarator_list -> init_declarator
Rule 8     init_declarator_list -> init_declarator_list COMMA init_declarator
Rule 9     init_declarator -> IDENTIFIER
Rule 10    init_declarator -> IDENTIFIER ASSIGN expression
Rule 11    type_specifier -> INT
Rule 12    type_specifier -> FLOAT
Rule 13    type_specifier -> CHAR_TYPE
Rule 14    type_specifier -> VOID
Rule 15    function_def -> type_specifier IDENTIFIER LPAREN param_list_opt RPAREN compound_stmt
Rule 16    param_list_opt -> <empty>
Rule 17    param_list_opt -> param_list
Rule 18    param_list -> param
Rule 19    param_list -> param_list COMMA param
Rule 20    param -> type_specifier IDENTIFIER
Rule 21    compound_stmt -> LBRACE stmt_list RBRACE
Rule 22    stmt_list -> <empty>
Rule 23    stmt_list -> stmt_list statement
Rule 24    statement -> expression_stmt
Rule 25    statement -> compound_stmt
Rule 26    statement -> selection_stmt
Rule 27    statement -> iteration_stmt
Rule 28    statement -> return_stmt
Rule 29    statement -> declaration
Rule 30    expression_stmt -> expression_opt SEMICOLON
Rule 31    expression_opt -> <empty>
Rule 32    expression_opt -> expression
Rule 33    selection_stmt -> IF LPAREN expression RPAREN statement
Rule 34    selection_stmt -> IF LPAREN expression RPAREN statement ELSE statement
Rule 35    iteration_stmt -> WHILE LPAREN expression RPAREN statement
Rule 36    iteration_stmt -> FOR LPAREN expression_opt SEMICOLON expression_opt SEMICOLON expression_opt RPAREN statement
Rule 37    return_stmt -> RETURN expression_opt SEMICOLON
Rule 38    expression -> assignment_expression
Rule 39    assignment_expression -> logical_or_expression
Rule 40    assignment_expression -> logical_or_expression ASSIGN assignment_expression
Rule 41    logical_or_expression -> logical_and_expression
Rule 42    logical_or_expression -> logical_or_expression OR logical_and_expression
Rule 43    logical_and_expression -> equality_expression
Rule 44    logical_and_expression -> logical_and_expression AND equality_expression
Rule 45    equality_expression -> relational_expression
Rule 46    equality_expression -> equality_expression EQ relational_expression
Rule 47    equality_expression -> equality_expression NE relational_expression
Rule 48    relational_expression -> additive_expression
Rule 49    relational_expression -> relational_expression LT additive_expression
Rule 50    relational_expression -> relational_expression GT additive_expression
Rule 51    relational_expression -> relational_expression LE additive_expression
Rule 52    relational_expression -> relational_expression GE additive_expression
Rule 53    additive_expression -> multiplicative_expression
Rule 54    additive_expression -> additive_expression PLUS multiplicative_expression
Rule 55    additive_expression -> additive_expression MINUS multiplicative_expression
Rule 56    multiplicative_expression -> unary_expression
Rule 57    multiplicative_expression -> multiplicative_expression TIMES unary_expression
Rule 58    multiplicative_expression -> multiplicative_expression DIVIDE unary_expression
Rule 59    multiplicative_expression -> multiplicative_expression MOD unary_expression
Rule 60    unary_expression -> primary_expression
Rule 61    unary_expression -> NOT unary_expression
Rule 62    unary_expression -> PLUS unary_expression
Rule 63    unary_expression -> MINUS unary_expression
Rule 64    primary_expression -> IDENTIFIER
Rule 65    primary_expression -> INT_CONST
Rule 66    primary_expression -> FLOAT_CONST
Rule 67    primary_expression -> CHAR_CONST
Rule 68    primary_expression -> STRING
Rule 69    primary_expression -> LPAREN expression RPAREN
Rule 70    primary_expression -> IDENTIFIER LPAREN arg_list_opt RPAREN
Rule 71    arg_list_opt -> <empty>
Rule 72    arg_list_opt -> arg_list
Rule 73    arg_list -> expression
Rule 74    arg_list -> arg_list COMMA expression

Terminals, with rules where they appear

AND                  : 44
ASSIGN               : 10 40
CHAR_CONST           : 67
CHAR_TYPE            : 13
COMMA                : 8 19 74
DIVIDE               : 58
ELSE                 : 34
EQ                   : 46
FLOAT                : 12
FLOAT_CONST          : 66
FOR                  : 36
GE                   : 52
GT                   : 50
IDENTIFIER           : 9 10 15 20 64 70
IF                   : 33 34
INT                  : 11
INT_CONST            : 65
LBRACE               : 21
LE                   : 51
LPAREN               : 15 33 34 35 36 69 70
LT                   : 49
MINUS                : 55 63
MOD                  : 59
NE                   : 47
NOT                  : 61
OR                   : 42
PLUS                 : 54 62
RBRACE               : 21
RETURN               : 37
RPAREN               : 15 33 34 35 36 69 70
SEMICOLON            : 6 30 36 36 37
STRING               : 68
TIMES                : 57
VOID                 : 14
WHILE                : 35
error                : 

Nonterminals, with rules where they appear

additive_expression  : 48 49 50 51 52 54 55
arg_list             : 72 74
arg_list_opt         : 70
assignment_expression : 38 40
compound_stmt        : 15 25
declaration          : 4 29
equality_expression  : 43 44 46 47
expression           : 10 32 33 34 35 69 73 74
expression_opt       : 30 36 36 36 37
expression_stmt      : 24
external_declaration : 3
external_list        : 1 3
function_def         : 5
init_declarator      : 7 8
init_declarator_list : 6 8
iteration_stmt       : 27
logical_and_expression : 41 42 44
logical_or_expression : 39 40 42
multiplicative_expression : 53 54 55 57 58 59
param                : 18 19
param_list           : 17 19
param_list_opt       : 15
primary_expression   : 60
program              : 0
relational_expression : 45 46 47 49 50 51 52
return_stmt          : 28
selection_stmt       : 26
statement            : 23 33 34 34 35 36
stmt_list            : 21 23
type_specifier       : 6 15 20
unary_expression     : 56 57 58 59 61 62 63

Parsing method: LALR

state 0

    (0) S' -> . program
    (1) program -> . external_list
    (2) external_list -> .
    (3) external_list -> . external_list external_declaration

    INT             reduce using rule 2 (external_list -> .)
    FLOAT           reduce using rule 2 (external_list -> .)
    CHAR_TYPE       reduce using rule 2 (external_list -> .)
    VOID            reduce using rule 2 (external_list -> .)
    $end            reduce using rule 2 (external_list -> .)

    program                        shift and go to state 1
    external_list                  shift and go to state 2

state 1

    (0) S' -> program .



state 2

    (1) program -> external_list .
    (3) external_list -> external_list . external_declaration
    (4) external_declaration -> . declaration
    (5) external_declaration -> . function_def
    (6) declaration -> . type_specifier init_declarator_list SEMICOLON
    (15) function_def -> . type_specifier IDENTIFIER LPAREN param_list_opt RPAREN compound_stmt
    (11) type_specifier -> . INT
    (12) type_specifier -> . FLOAT
    (13) type_specifier -> . CHAR_TYPE
    (14) type_specifier -> . VOID

    $end            reduce using rule 1 (program -> external_list .)
    INT             shift and go to state 7
    FLOAT           shift and go to state 8
    CHAR_TYPE       shift and go to state 9
    VOID            shift and go to state 10

    external_declaration           shift and go to state 3
    declaration                    shift and go to state 4
    function_def                   shift and go to state 5
    type_specifier                 shift and go to state 6

state 3

    (3) external_list -> external_list external_declaration .

    INT             reduce using rule 3 (external_list -> external_list external_declaration .)
    FLOAT           reduce using rule 3 (external_list -> external_list external_declaration .)
    CHAR_TYPE       reduce using rule 3 (external_list -> external_list external_declaration .)
    VOID            reduce using rule 3 (external_list -> external_list external_declaration .)
    $end            reduce using rule 3 (external_list -> external_list external_declaration .)


state 4

    (4) external_declaration -> declaration .

    INT             reduce using rule 4 (external_declaration -> declaration .)
    FLOAT           reduce using rule 4 (external_declaration -> declaration .)
    CHAR_TYPE       reduce using rule 4 (external_declaration -> declaration .)
    VOID            reduce using rule 4 (external_declaration -> declaration .)
    $end            reduce using rule 4 (external_declaration -> declaration .)


state 5

    (5) external_declaration -> function_def .

    INT             reduce using rule 5 (external_declaration -> function_def .)
    FLOAT           reduce using rule 5 (external_declaration -> function_def .)
    CHAR_TYPE       reduce using rule 5 (external_declaration -> function_def .)
    VOID            reduce using rule 5 (external_declaration -> function_def .)
    $end            reduce using rule 5 (external_declaration -> function_def .)


state 6

    (6) declaration -> type_specifier . init_declarator_list SEMICOLON
    (15) function_def -> type_specifier . IDENTIFIER LPAREN param_list_opt RPAREN compound_stmt
    (7) init_declarator_list -> . init_declarator
    (8) init_declarator_list -> . init_declarator_list COMMA init_declarator
    (9) init_declarator -> . IDENTIFIER
    (10) init_declarator -> . IDENTIFIER ASSIGN expression

    IDENTIFIER      shift and go to state 12

    init_declarator_list           shift and go to state 11
    init_declarator                shift and go to state 13

state 7

    (11) type_specifier -> INT .

    IDENTIFIER      reduce using rule 11 (type_specifier -> INT .)


state 8

    (12) type_specifier -> FLOAT .

    IDENTIFIER      reduce using rule 12 (type_specifier -> FLOAT .)


state 9

    (13) type_specifier -> CHAR_TYPE .

    IDENTIFIER      reduce using rule 13 (type_specifier -> CHAR_TYPE .)


state 10

    (14) type_specifier -> VOID .

    IDENTIFIER      reduce using rule 14 (type_specifier -> VOID .)


state 11

    (6) declaration -> type_specifier init_declarator_list . SEMICOLON
    (8) init_declarator_list -> init_declarator_list . COMMA init_declarator

    SEMICOLON       shift and go to state 14
    COMMA           shift and go to state 15


state 12

    (15) function_def -> type_specifier IDENTIFIER . LPAREN param_list_opt RPAREN compound_stmt
    (9) init_declarator -> IDENTIFIER .
    (10) init_declarator -> IDENTIFIER . ASSIGN expression

    LPAREN          shift and go to state 16
    SEMICOLON       reduce using rule 9 (init_declarator -> IDENTIFIER .)
    COMMA           reduce using rule 9 (init_declarator -> IDENTIFIER .)
    ASSIGN          shift and go to state 17


state 13

    (7) init_declarator_list -> init_declarator .

    SEMICOLON       reduce using rule 7 (init_declarator_list -> init_declarator .)
    COMMA           reduce using rule 7 (init_declarator_list -> init_declarator .)


state 14

    (6) declaration -> type_specifier init_declarator_list SEMICOLON .

    INT             reduce using rule 6 (declaration -> type_specifier init_declarator_list SEMICOLON .)
    FLOAT           reduce using rule 6 (declaration -> type_specifier init_declarator_list SEMICOLON .)
    CHAR_TYPE       reduce using rule 6 (declaration -> type_specifier init_declarator_list SEMICOLON .)
    VOID            reduce using rule 6 (declaration -> type_specifier init_declarator_list SEMICOLON .)
    $end            reduce using rule 6 (declaration -> type_specifier init_declarator_list SEMICOLON .)
    RBRACE          reduce using rule 6 (declaration -> type_specifier init_declarator_list SEMICOLON .)
    LBRACE          reduce using rule 6 (declaration -> type_specifier init_declarator_list SEMICOLON .)
    IF              reduce using rule 6 (declaration -> type_specifier init_declarator_list SEMICOLON .)
    WHILE           reduce using rule 6 (declaration -> type_specifier init_declarator_list SEMICOLON .)
    FOR             reduce using rule 6 (declaration -> type_specifier init_declarator_list SEMICOLON .)
    RETURN          reduce using rule 6 (declaration -> type_specifier init_declarator_list SEMICOLON .)
    NOT             reduce using rule 6 (declaration -> type_specifier init_declarator_list SEMICOLON .)
    PLUS            reduce using rule 6 (declaration -> type_specifier init_declarator_list SEMICOLON .)
    MINUS           reduce using rule 6 (declaration -> type_specifier init_declarator_list SEMICOLON .)
    IDENTIFIER      reduce using rule 6 (declaration -> type_specifier init_declarator_list SEMICOLON .)
    INT_CONST       reduce using rule 6 (declaration -> type_specifier init_declarator_list SEMICOLON .)
    FLOAT_CONST     reduce using rule 6 (declaration -> type_specifier init_declarator_list SEMICOLON .)
    CHAR_CONST      reduce using rule 6 (declaration -> type_specifier init_declarator_list SEMICOLON .)
    STRING          reduce using rule 6 (declaration -> type_specifier init_declarator_list SEMICOLON .)
    LPAREN          reduce using rule 6 (declaration -> type_specifier init_declarator_list SEMICOLON .)
    SEMICOLON       reduce using rule 6 (declaration -> type_specifier init_declarator_list SEMICOLON .)
    ELSE            reduce using rule 6 (declaration -> type_specifier init_declarator_list SEMICOLON .)


state 15

    (8) init_declarator_list -> init_declarator_list COMMA . init_declarator
    (9) init_declarator -> . IDENTIFIER
    (10) init_declarator -> . IDENTIFIER ASSIGN expression

    IDENTIFIER      shift and go to state 19

    init_declarator                shift and go to state 18

state 16

    (15) function_def -> type_specifier IDENTIFIER LPAREN . param_list_opt RPAREN compound_stmt
    (16) param_list_opt -> .
    (17) param_list_opt -> . param_list
    (18) param_list -> . param
    (19) param_list -> . param_list COMMA param
    (20) param -> . type_specifier IDENTIFIER
    (11) type_specifier -> . INT
    (12) type_specifier -> . FLOAT
    (13) type_specifier -> . CHAR_TYPE
    (14) type_specifier -> . VOID

    RPAREN          reduce using rule 16 (param_list_opt -> .)
    INT             shift and go to state 7
    FLOAT           shift and go to state 8
    CHAR_TYPE       shift and go to state 9
    VOID            shift and go to state 10

    type_specifier                 shift and go to state 20
    param_list_opt                 shift and go to state 21
    param_list                     shift and go to state 22
    param                          shift and go to state 23

state 17

    (10) init_declarator -> IDENTIFIER ASSIGN . expression
    (38) expression -> . assignment_expression
    (39) assignment_expression -> . logical_or_expression
    (40) assignment_expression -> . logical_or_expression ASSIGN assignment_expression
    (41) logical_or_expression -> . logical_and_expression
    (42) logical_or_expression -> . logical_or_expression OR logical_and_expression
    (43) logical_and_expression -> . equality_expression
    (44) logical_and_expression -> . logical_and_expression AND equality_expression
    (45) equality_expression -> . relational_expression
    (46) equality_expression -> . equality_expression EQ relational_expression
    (47) equality_expression -> . equality_expression NE relational_expression
    (48) relational_expression -> . additive_expression
    (49) relational_expression -> . relational_expression LT additive_expression
    (50) relational_expression -> . relational_expression GT additive_expression
    (51) relational_expression -> . relational_expression LE additive_expression
    (52) relational_expression -> . relational_expression GE additive_expression
    (53) additive_expression -> . multiplicative_expression
    (54) additive_expression -> . additive_expression PLUS multiplicative_expression
    (55) additive_expression -> . additive_expression MINUS multiplicative_expression
    (56) multiplicative_expression -> . unary_expression
    (57) multiplicative_expression -> . multiplicative_expression TIMES unary_expression
    (58) multiplicative_expression -> . multiplicative_expression DIVIDE unary_expression
    (59) multiplicative_expression -> . multiplicative_expression MOD unary_expression
    (60) unary_expression -> . primary_expression
    (61) unary_expression -> . NOT unary_expression
    (62) unary_expression -> . PLUS unary_expression
    (63) unary_expression -> . MINUS unary_expression
    (64) primary_expression -> . IDENTIFIER
    (65) primary_expression -> . INT_CONST
    (66) primary_expression -> . FLOAT_CONST
    (67) primary_expression -> . CHAR_CONST
    (68) primary_expression -> . STRING
    (69) primary_expression -> . LPAREN expression RPAREN
    (70) primary_expression -> . IDENTIFIER LPAREN arg_list_opt RPAREN

    NOT             shift and go to state 37
    PLUS            shift and go to state 33
    MINUS           shift and go to state 34
    IDENTIFIER      shift and go to state 24
    INT_CONST       shift and go to state 38
    FLOAT_CONST     shift and go to state 39
    CHAR_CONST      shift and go to state 40
    STRING          shift and go to state 41
    LPAREN          shift and go to state 42

    expression                     shift and go to state 25
    assignment_expression          shift and go to state 26
    logical_or_expression          shift and go to state 27
    logical_and_expression         shift and go to state 28
    equality_expression            shift and go to state 29
    relational_expression          shift and go to state 30
    additive_expression            shift and go to state 31
    multiplicative_expression      shift and go to state 32
    unary_expression               shift and go to state 35
    primary_expression             shift and go to state 36

state 18

    (8) init_declarator_list -> init_declarator_list COMMA init_declarator .

    SEMICOLON       reduce using rule 8 (init_declarator_list -> init_declarator_list COMMA init_declarator .)
    COMMA           reduce using rule 8 (init_declarator_list -> init_declarator_list COMMA init_declarator .)


state 19

    (9) init_declarator -> IDENTIFIER .
    (10) init_declarator -> IDENTIFIER . ASSIGN expression

    SEMICOLON       reduce using rule 9 (init_declarator -> IDENTIFIER .)
    COMMA           reduce using rule 9 (init_declarator -> IDENTIFIER .)
    ASSIGN          shift and go to state 17


state 20

    (20) param -> type_specifier . IDENTIFIER

    IDENTIFIER      shift and go to state 43


state 21

    (15) function_def -> type_specifier IDENTIFIER LPAREN param_list_opt . RPAREN compound_stmt

    RPAREN          shift and go to state 44


state 22

    (17) param_list_opt -> param_list .
    (19) param_list -> param_list . COMMA param

    RPAREN          reduce using rule 17 (param_list_opt -> param_list .)
    COMMA           shift and go to state 45


state 23

    (18) param_list -> param .

    COMMA           reduce using rule 18 (param_list -> param .)
    RPAREN          reduce using rule 18 (param_list -> param .)


state 24

    (64) primary_expression -> IDENTIFIER .
    (70) primary_expression -> IDENTIFIER . LPAREN arg_list_opt RPAREN

    TIMES           reduce using rule 64 (primary_expression -> IDENTIFIER .)
    DIVIDE          reduce using rule 64 (primary_expression -> IDENTIFIER .)
    MOD             reduce using rule 64 (primary_expression -> IDENTIFIER .)
    PLUS            reduce using rule 64 (primary_expression -> IDENTIFIER .)
    MINUS           reduce using rule 64 (primary_expression -> IDENTIFIER .)
    LT              reduce using rule 64 (primary_expression -> IDENTIFIER .)
    GT              reduce using rule 64 (primary_expression -> IDENTIFIER .)
    LE              reduce using rule 64 (primary_expression -> IDENTIFIER .)
    GE              reduce using rule 64 (primary_expression -> IDENTIFIER .)
    EQ              reduce using rule 64 (primary_expression -> IDENTIFIER .)
    NE              reduce using rule 64 (primary_expression -> IDENTIFIER .)
    AND             reduce using rule 64 (primary_expression -> IDENTIFIER .)
    ASSIGN          reduce using rule 64 (primary_expression -> IDENTIFIER .)
    OR              reduce using rule 64 (primary_expression -> IDENTIFIER .)
    SEMICOLON       reduce using rule 64 (primary_expression -> IDENTIFIER .)
    COMMA           reduce using rule 64 (primary_expression -> IDENTIFIER .)
    RPAREN          reduce using rule 64 (primary_expression -> IDENTIFIER .)
    LPAREN          shift and go to state 46


state 25

    (10) init_declarator -> IDENTIFIER ASSIGN expression .

    SEMICOLON       reduce using rule 10 (init_declarator -> IDENTIFIER ASSIGN expression .)
    COMMA           reduce using rule 10 (init_declarator -> IDENTIFIER ASSIGN expression .)


state 26

    (38) expression -> assignment_expression .

    SEMICOLON       reduce using rule 38 (expression -> assignment_expression .)
    COMMA           reduce using rule 38 (expression -> assignment_expression .)
    RPAREN          reduce using rule 38 (expression -> assignment_expression .)


state 27

    (39) assignment_expression -> logical_or_expression .
    (40) assignment_expression -> logical_or_expression . ASSIGN assignment_expression
    (42) logical_or_expression -> logical_or_expression . OR logical_and_expression

    SEMICOLON       reduce using rule 39 (assignment_expression -> logical_or_expression .)
    COMMA           reduce using rule 39 (assignment_expression -> logical_or_expression .)
    RPAREN          reduce using rule 39 (assignment_expression -> logical_or_expression .)
    ASSIGN          shift and go to state 47
    OR              shift and go to state 48


state 28

    (41) logical_or_expression -> logical_and_expression .
    (44) logical_and_expression -> logical_and_expression . AND equality_expression

    ASSIGN          reduce using rule 41 (logical_or_expression -> logical_and_expression .)
    OR              reduce using rule 41 (logical_or_expression -> logical_and_expression .)
    SEMICOLON       reduce using rule 41 (logical_or_expression -> logical_and_expression .)
    COMMA           reduce using rule 41 (logical_or_expression -> logical_and_expression .)
    RPAREN          reduce using rule 41 (logical_or_expression -> logical_and_expression .)
    AND             shift and go to state 49


state 29

    (43) logical_and_expression -> equality_expression .
    (46) equality_expression -> equality_expression . EQ relational_expression
    (47) equality_expression -> equality_expression . NE relational_expression

    AND             reduce using rule 43 (logical_and_expression -> equality_expression .)
    ASSIGN          reduce using rule 43 (logical_and_expression -> equality_expression .)
    OR              reduce using rule 43 (logical_and_expression -> equality_expression .)
    SEMICOLON       reduce using rule 43 (logical_and_expression -> equality_expression .)
    COMMA           reduce using rule 43 (logical_and_expression -> equality_expression .)
    RPAREN          reduce using rule 43 (logical_and_expression -> equality_expression .)
    EQ              shift and go to state 50
    NE              shift and go to state 51


state 30

    (45) equality_expression -> relational_expression .
    (49) relational_expression -> relational_expression . LT additive_expression
    (50) relational_expression -> relational_expression . GT additive_expression
    (51) relational_expression -> relational_expression . LE additive_expression
    (52) relational_expression -> relational_expression . GE additive_expression

    EQ              reduce using rule 45 (equality_expression -> relational_expression .)
    NE              reduce using rule 45 (equality_expression -> relational_expression .)
    AND             reduce using rule 45 (equality_expression -> relational_expression .)
    ASSIGN          reduce using rule 45 (equality_expression -> relational_expression .)
    OR              reduce using rule 45 (equality_expression -> relational_expression .)
    SEMICOLON       reduce using rule 45 (equality_expression -> relational_expression .)
    COMMA           reduce using rule 45 (equality_expression -> relational_expression .)
    RPAREN          reduce using rule 45 (equality_expression -> relational_expression .)
    LT              shift and go to state 52
    GT              shift and go to state 53
    LE              shift and go to state 54
    GE              shift and go to state 55


state 31

    (48) relational_expression -> additive_expression .
    (54) additive_expression -> additive_expression . PLUS multiplicative_expression
    (55) additive_expression -> additive_expression . MINUS multiplicative_expression

    LT              reduce using rule 48 (relational_expression -> additive_expression .)
    GT              reduce using rule 48 (relational_expression -> additive_expression .)
    LE              reduce using rule 48 (relational_expression -> additive_expression .)
    GE              reduce using rule 48 (relational_expression -> additive_expression .)
    EQ              reduce using rule 48 (relational_expression -> additive_expression .)
    NE              reduce using rule 48 (relational_expression -> additive_expression .)
    AND             reduce using rule 48 (relational_expression -> additive_expression .)
    ASSIGN          reduce using rule 48 (relational_expression -> additive_expression .)
    OR              reduce using rule 48 (relational_expression -> additive_expression .)
    SEMICOLON       reduce using rule 48 (relational_expression -> additive_expression .)
    COMMA           reduce using rule 48 (relational_expression -> additive_expression .)
    RPAREN          reduce using rule 48 (relational_expression -> additive_expression .)
    PLUS            shift and go to state 56
    MINUS           shift and go to state 57


state 32

    (53) additive_expression -> multiplicative_expression .
    (57) multiplicative_expression -> multiplicative_expression . TIMES unary_expression
    (58) multiplicative_expression -> multiplicative_expression . DIVIDE unary_expression
    (59) multiplicative_expression -> multiplicative_expression . MOD unary_expression

    PLUS            reduce using rule 53 (additive_expression -> multiplicative_expression .)
    MINUS           reduce using rule 53 (additive_expression -> multiplicative_expression .)
    LT              reduce using rule 53 (additive_expression -> multiplicative_expression .)
    GT              reduce using rule 53 (additive_expression -> multiplicative_expression .)
    LE              reduce using rule 53 (additive_expression -> multiplicative_expression .)
    GE              reduce using rule 53 (additive_expression -> multiplicative_expression .)
    EQ              reduce using rule 53 (additive_expression -> multiplicative_expression .)
    NE              reduce using rule 53 (additive_expression -> multiplicative_expression .)
    AND             reduce using rule 53 (additive_expression -> multiplicative_expression .)
    ASSIGN          reduce using rule 53 (additive_expression -> multiplicative_expression .)
    OR              reduce using rule 53 (additive_expression -> multiplicative_expression .)
    SEMICOLON       reduce using rule 53 (additive_expression -> multiplicative_expression .)
    COMMA           reduce using rule 53 (additive_expression -> multiplicative_expression .)
    RPAREN          reduce using rule 53 (additive_expression -> multiplicative_expression .)
    TIMES           shift and go to state 58
    DIVIDE          shift and go to state 59
    MOD             shift and go to state 60


state 33

    (62) unary_expression -> PLUS . unary_expression
    (60) unary_expression -> . primary_expression
    (61) unary_expression -> . NOT unary_expression
    (62) unary_expression -> . PLUS unary_expression
    (63) unary_expression -> . MINUS unary_expression
    (64) primary_expression -> . IDENTIFIER
    (65) primary_expression -> . INT_CONST
    (66) primary_expression -> . FLOAT_CONST
    (67) primary_expression -> . CHAR_CONST
    (68) primary_expression -> . STRING
    (69) primary_expression -> . LPAREN expression RPAREN
    (70) primary_expression -> . IDENTIFIER LPAREN arg_list_opt RPAREN

    NOT             shift and go to state 37
    PLUS            shift and go to state 33
    MINUS           shift and go to state 34
    IDENTIFIER      shift and go to state 24
    INT_CONST       shift and go to state 38
    FLOAT_CONST     shift and go to state 39
    CHAR_CONST      shift and go to state 40
    STRING          shift and go to state 41
    LPAREN          shift and go to state 42

    unary_expression               shift and go to state 61
    primary_expression             shift and go to state 36

state 34

    (63) unary_expression -> MINUS . unary_expression
    (60) unary_expression -> . primary_expression
    (61) unary_expression -> . NOT unary_expression
    (62) unary_expression -> . PLUS unary_expression
    (63) unary_expression -> . MINUS unary_expression
    (64) primary_expression -> . IDENTIFIER
    (65) primary_expression -> . INT_CONST
    (66) primary_expression -> . FLOAT_CONST
    (67) primary_expression -> . CHAR_CONST
    (68) primary_expression -> . STRING
    (69) primary_expression -> . LPAREN expression RPAREN
    (70) primary_expression -> . IDENTIFIER LPAREN arg_list_opt RPAREN

    NOT             shift and go to state 37
    PLUS            shift and go to state 33
    MINUS           shift and go to state 34
    IDENTIFIER      shift and go to state 24
    INT_CONST       shift and go to state 38
    FLOAT_CONST     shift and go to state 39
    CHAR_CONST      shift and go to state 40
    STRING          shift and go to state 41
    LPAREN          shift and go to state 42

    unary_expression               shift and go to state 62
    primary_expression             shift and go to state 36

state 35

    (56) multiplicative_expression -> unary_expression .

    TIMES           reduce using rule 56 (multiplicative_expression -> unary_expression .)
    DIVIDE          reduce using rule 56 (multiplicative_expression -> unary_expression .)
    MOD             reduce using rule 56 (multiplicative_expression -> unary_expression .)
    PLUS            reduce using rule 56 (multiplicative_expression -> unary_expression .)
    MINUS           reduce using rule 56 (multiplicative_expression -> unary_expression .)
    LT              reduce using rule 56 (multiplicative_expression -> unary_expression .)
    GT              reduce using rule 56 (multiplicative_expression -> unary_expression .)
    LE              reduce using rule 56 (multiplicative_expression -> unary_expression .)
    GE              reduce using rule 56 (multiplicative_expression -> unary_expression .)
    EQ              reduce using rule 56 (multiplicative_expression -> unary_expression .)
    NE              reduce using rule 56 (multiplicative_expression -> unary_expression .)
    AND             reduce using rule 56 (multiplicative_expression -> unary_expression .)
    ASSIGN          reduce using rule 56 (multiplicative_expression -> unary_expression .)
    OR              reduce using rule 56 (multiplicative_expression -> unary_expression .)
    SEMICOLON       reduce using rule 56 (multiplicative_expression -> unary_expression .)
    COMMA           reduce using rule 56 (multiplicative_expression -> unary_expression .)
    RPAREN          reduce using rule 56 (multiplicative_expression -> unary_expression .)


state 36

    (60) unary_expression -> primary_expression .

    TIMES           reduce using rule 60 (unary_expression -> primary_expression .)
    DIVIDE          reduce using rule 60 (unary_expression -> primary_expression .)
    MOD             reduce using rule 60 (unary_expression -> primary_expression .)
    PLUS            reduce using rule 60 (unary_expression -> primary_expression .)
    MINUS           reduce using rule 60 (unary_expression -> primary_expression .)
    LT              reduce using rule 60 (unary_expression -> primary_expression .)
    GT              reduce using rule 60 (unary_expression -> primary_expression .)
    LE              reduce using rule 60 (unary_expression -> primary_expression .)
    GE              reduce using rule 60 (unary_expression -> primary_expression .)
    EQ              reduce using rule 60 (unary_expression -> primary_expression .)
    NE              reduce using rule 60 (unary_expression -> primary_expression .)
    AND             reduce using rule 60 (unary_expression -> primary_expression .)
    ASSIGN          reduce using rule 60 (unary_expression -> primary_expression .)
    OR              reduce using rule 60 (unary_expression -> primary_expression .)
    SEMICOLON       reduce using rule 60 (unary_expression -> primary_expression .)
    COMMA           reduce using rule 60 (unary_expression -> primary_expression .)
    RPAREN          reduce using rule 60 (unary_expression -> primary_expression .)


state 37

    (61) unary_expression -> NOT . unary_expression
    (60) unary_expression -> . primary_expression
    (61) unary_expression -> . NOT unary_expression
    (62) unary_expression -> . PLUS unary_expression
    (63) unary_expression -> . MINUS unary_expression
    (64) primary_expression -> . IDENTIFIER
    (65) primary_expression -> . INT_CONST
    (66) primary_expression -> . FLOAT_CONST
    (67) primary_expression -> . CHAR_CONST
    (68) primary_expression -> . STRING
    (69) primary_expression -> . LPAREN expression RPAREN
    (70) primary_expression -> . IDENTIFIER LPAREN arg_list_opt RPAREN

    NOT             shift and go to state 37
    PLUS            shift and go to state 33
    MINUS           shift and go to state 34
    IDENTIFIER      shift and go to state 24
    INT_CONST       shift and go to state 38
    FLOAT_CONST     shift and go to state 39
    CHAR_CONST      shift and go to state 40
    STRING          shift and go to state 41
    LPAREN          shift and go to state 42

    unary_expression               shift and go to state 63
    primary_expression             shift and go to state 36

state 38

    (65) primary_expression -> INT_CONST .

    TIMES           reduce using rule 65 (primary_expression -> INT_CONST .)
    DIVIDE          reduce using rule 65 (primary_expression -> INT_CONST .)
    MOD             reduce using rule 65 (primary_expression -> INT_CONST .)
    PLUS            reduce using rule 65 (primary_expression -> INT_CONST .)
    MINUS           reduce using rule 65 (primary_expression -> INT_CONST .)
    LT              reduce using rule 65 (primary_expression -> INT_CONST .)
    GT              reduce using rule 65 (primary_expression -> INT_CONST .)
    LE              reduce using rule 65 (primary_expression -> INT_CONST .)
    GE              reduce using rule 65 (primary_expression -> INT_CONST .)
    EQ              reduce using rule 65 (primary_expression -> INT_CONST .)
    NE              reduce using rule 65 (primary_expression -> INT_CONST .)
    AND             reduce using rule 65 (primary_expression -> INT_CONST .)
    ASSIGN          reduce using rule 65 (primary_expression -> INT_CONST .)
    OR              reduce using rule 65 (primary_expression -> INT_CONST .)
    SEMICOLON       reduce using rule 65 (primary_expression -> INT_CONST .)
    COMMA           reduce using rule 65 (primary_expression -> INT_CONST .)
    RPAREN          reduce using rule 65 (primary_expression -> INT_CONST .)


state 39

    (66) primary_expression -> FLOAT_CONST .

    TIMES           reduce using rule 66 (primary_expression -> FLOAT_CONST .)
    DIVIDE          reduce using rule 66 (primary_expression -> FLOAT_CONST .)
    MOD             reduce using rule 66 (primary_expression -> FLOAT_CONST .)
    PLUS            reduce using rule 66 (primary_expression -> FLOAT_CONST .)
    MINUS           reduce using rule 66 (primary_expression -> FLOAT_CONST .)
    LT              reduce using rule 66 (primary_expression -> FLOAT_CONST .)
    GT              reduce using rule 66 (primary_expression -> FLOAT_CONST .)
    LE              reduce using rule 66 (primary_expression -> FLOAT_CONST .)
    GE              reduce using rule 66 (primary_expression -> FLOAT_CONST .)
    EQ              reduce using rule 66 (primary_expression -> FLOAT_CONST .)
    NE              reduce using rule 66 (primary_expression -> FLOAT_CONST .)
    AND             reduce using rule 66 (primary_expression -> FLOAT_CONST .)
    ASSIGN          reduce using rule 66 (primary_expression -> FLOAT_CONST .)
    OR              reduce using rule 66 (primary_expression -> FLOAT_CONST .)
    SEMICOLON       reduce using rule 66 (primary_expression -> FLOAT_CONST .)
    COMMA           reduce using rule 66 (primary_expression -> FLOAT_CONST .)
    RPAREN          reduce using rule 66 (primary_expression -> FLOAT_CONST .)


state 40

    (67) primary_expression -> CHAR_CONST .

    TIMES           reduce using rule 67 (primary_expression -> CHAR_CONST .)
    DIVIDE          reduce using rule 67 (primary_expression -> CHAR_CONST .)
    MOD             reduce using rule 67 (primary_expression -> CHAR_CONST .)
    PLUS            reduce using rule 67 (primary_expression -> CHAR_CONST .)
    MINUS           reduce using rule 67 (primary_expression -> CHAR_CONST .)
    LT              reduce using rule 67 (primary_expression -> CHAR_CONST .)
    GT              reduce using rule 67 (primary_expression -> CHAR_CONST .)
    LE              reduce using rule 67 (primary_expression -> CHAR_CONST .)
    GE              reduce using rule 67 (primary_expression -> CHAR_CONST .)
    EQ              reduce using rule 67 (primary_expression -> CHAR_CONST .)
    NE              reduce using rule 67 (primary_expression -> CHAR_CONST .)
    AND             reduce using rule 67 (primary_expression -> CHAR_CONST .)
    ASSIGN          reduce using rule 67 (primary_expression -> CHAR_CONST .)
    OR              reduce using rule 67 (primary_expression -> CHAR_CONST .)
    SEMICOLON       reduce using rule 67 (primary_expression -> CHAR_CONST .)
    COMMA           reduce using rule 67 (primary_expression -> CHAR_CONST .)
    RPAREN          reduce using rule 67 (primary_expression -> CHAR_CONST .)


state 41

    (68) primary_expression -> STRING .

    TIMES           reduce using rule 68 (primary_expression -> STRING .)
    DIVIDE          reduce using rule 68 (primary_expression -> STRING .)
    MOD             reduce using rule 68 (primary_expression -> STRING .)
    PLUS            reduce using rule 68 (primary_expression -> STRING .)
    MINUS           reduce using rule 68 (primary_expression -> STRING .)
    LT              reduce using rule 68 (primary_expression -> STRING .)
    GT              reduce using rule 68 (primary_expression -> STRING .)
    LE              reduce using rule 68 (primary_expression -> STRING .)
    GE              reduce using rule 68 (primary_expression -> STRING .)
    EQ              reduce using rule 68 (primary_expression -> STRING .)
    NE              reduce using rule 68 (primary_expression -> STRING .)
    AND             reduce using rule 68 (primary_expression -> STRING .)
    ASSIGN          reduce using rule 68 (primary_expression -> STRING .)
    OR              reduce using rule 68 (primary_expression -> STRING .)
    SEMICOLON       reduce using rule 68 (primary_expression -> STRING .)
    COMMA           reduce using rule 68 (primary_expression -> STRING .)
    RPAREN          reduce using rule 68 (primary_expression -> STRING .)


state 42

    (69) primary_expression -> LPAREN . expression RPAREN
    (38) expression -> . assignment_expression
    (39) assignment_expression -> . logical_or_expression
    (40) assignment_expression -> . logical_or_expression ASSIGN assignment_expression
    (41) logical_or_expression -> . logical_and_expression
    (42) logical_or_expression -> . logical_or_expression OR logical_and_expression
    (43) logical_and_expression -> . equality_expression
    (44) logical_and_expression -> . logical_and_expression AND equality_expression
    (45) equality_expression -> . relational_expression
    (46) equality_expression -> . equality_expression EQ relational_expression
    (47) equality_expression -> . equality_expression NE relational_expression
    (48) relational_expression -> . additive_expression
    (49) relational_expression -> . relational_expression LT additive_expression
    (50) relational_expression -> . relational_expression GT additive_expression
    (51) relational_expression -> . relational_expression LE additive_expression
    (52) relational_expression -> . relational_expression GE additive_expression
    (53) additive_expression -> . multiplicative_expression
    (54) additive_expression -> . additive_expression PLUS multiplicative_expression
    (55) additive_expression -> . additive_expression MINUS multiplicative_expression
    (56) multiplicative_expression -> . unary_expression
    (57) multiplicative_expression -> . multiplicative_expression TIMES unary_expression
    (58) multiplicative_expression -> . multiplicative_expression DIVIDE unary_expression
    (59) multiplicative_expression -> . multiplicative_expression MOD unary_expression
    (60) unary_expression -> . primary_expression
    (61) unary_expression -> . NOT unary_expression
    (62) unary_expression -> . PLUS unary_expression
    (63) unary_expression -> . MINUS unary_expression
    (64) primary_expression -> . IDENTIFIER
    (65) primary_expression -> . INT_CONST
    (66) primary_expression -> . FLOAT_CONST
    (67) primary_expression -> . CHAR_CONST
    (68) primary_expression -> . STRING
    (69) primary_expression -> . LPAREN expression RPAREN
    (70) primary_expression -> . IDENTIFIER LPAREN arg_list_opt RPAREN

    NOT             shift and go to state 37
    PLUS            shift and go to state 33
    MINUS           shift and go to state 34
    IDENTIFIER      shift and go to state 24
    INT_CONST       shift and go to state 38
    FLOAT_CONST     shift and go to state 39
    CHAR_CONST      shift and go to state 40
    STRING          shift and go to state 41
    LPAREN          shift and go to state 42

    expression                     shift and go to state 64
    assignment_expression          shift and go to state 26
    logical_or_expression          shift and go to state 27
    logical_and_expression         shift and go to state 28
    equality_expression            shift and go to state 29
    relational_expression          shift and go to state 30
    additive_expression            shift and go to state 31
    multiplicative_expression      shift and go to state 32
    unary_expression               shift and go to state 35
    primary_expression             shift and go to state 36

state 43

    (20) param -> type_specifier IDENTIFIER .

    COMMA           reduce using rule 20 (param -> type_specifier IDENTIFIER .)
    RPAREN          reduce using rule 20 (param -> type_specifier IDENTIFIER .)


state 44

    (15) function_def -> type_specifier IDENTIFIER LPAREN param_list_opt RPAREN . compound_stmt
    (21) compound_stmt -> . LBRACE stmt_list RBRACE

    LBRACE          shift and go to state 66

    compound_stmt                  shift and go to state 65

state 45

    (19) param_list -> param_list COMMA . param
    (20) param -> . type_specifier IDENTIFIER
    (11) type_specifier -> . INT
    (12) type_specifier -> . FLOAT
    (13) type_specifier -> . CHAR_TYPE
    (14) type_specifier -> . VOID

    INT             shift and go to state 7
    FLOAT           shift and go to state 8
    CHAR_TYPE       shift and go to state 9
    VOID            shift and go to state 10

    param                          shift and go to state 67
    type_specifier                 shift and go to state 20

state 46

    (70) primary_expression -> IDENTIFIER LPAREN . arg_list_opt RPAREN
    (71) arg_list_opt -> .
    (72) arg_list_opt -> . arg_list
    (73) arg_list -> . expression
    (74) arg_list -> . arg_list COMMA expression
    (38) expression -> . assignment_expression
    (39) assignment_expression -> . logical_or_expression
    (40) assignment_expression -> . logical_or_expression ASSIGN assignment_expression
    (41) logical_or_expression -> . logical_and_expression
    (42) logical_or_expression -> . logical_or_expression OR logical_and_expression
    (43) logical_and_expression -> . equality_expression
    (44) logical_and_expression -> . logical_and_expression AND equality_expression
    (45) equality_expression -> . relational_expression
    (46) equality_expression -> . equality_expression EQ relational_expression
    (47) equality_expression -> . equality_expression NE relational_expression
    (48) relational_expression -> . additive_expression
    (49) relational_expression -> . relational_expression LT additive_expression
    (50) relational_expression -> . relational_expression GT additive_expression
    (51) relational_expression -> . relational_expression LE additive_expression
    (52) relational_expression -> . relational_expression GE additive_expression
    (53) additive_expression -> . multiplicative_expression
    (54) additive_expression -> . additive_expression PLUS multiplicative_expression
    (55) additive_expression -> . additive_expression MINUS multiplicative_expression
    (56) multiplicative_expression -> . unary_expression
    (57) multiplicative_expression -> . multiplicative_expression TIMES unary_expression
    (58) multiplicative_expression -> . multiplicative_expression DIVIDE unary_expression
    (59) multiplicative_expression -> . multiplicative_expression MOD unary_expression
    (60) unary_expression -> . primary_expression
    (61) unary_expression -> . NOT unary_expression
    (62) unary_expression -> . PLUS unary_expression
    (63) unary_expression -> . MINUS unary_expression
    (64) primary_expression -> . IDENTIFIER
    (65) primary_expression -> . INT_CONST
    (66) primary_expression -> . FLOAT_CONST
    (67) primary_expression -> . CHAR_CONST
    (68) primary_expression -> . STRING
    (69) primary_expression -> . LPAREN expression RPAREN
    (70) primary_expression -> . IDENTIFIER LPAREN arg_list_opt RPAREN

    RPAREN          reduce using rule 71 (arg_list_opt -> .)
    NOT             shift and go to state 37
    PLUS            shift and go to state 33
    MINUS           shift and go to state 34
    IDENTIFIER      shift and go to state 24
    INT_CONST       shift and go to state 38
    FLOAT_CONST     shift and go to state 39
    CHAR_CONST      shift and go to state 40
    STRING          shift and go to state 41
    LPAREN          shift and go to state 42

    arg_list_opt                   shift and go to state 68
    arg_list                       shift and go to state 69
    expression                     shift and go to state 70
    assignment_expression          shift and go to state 26
    logical_or_expression          shift and go to state 27
    logical_and_expression         shift and go to state 28
    equality_expression            shift and go to state 29
    relational_expression          shift and go to state 30
    additive_expression            shift and go to state 31
    multiplicative_expression      shift and go to state 32
    unary_expression               shift and go to state 35
    primary_expression             shift and go to state 36

state 47

    (40) assignment_expression -> logical_or_expression ASSIGN . assignment_expression
    (39) assignment_expression -> . logical_or_expression
    (40) assignment_expression -> . logical_or_expression ASSIGN assignment_expression
    (41) logical_or_expression -> . logical_and_expression
    (42) logical_or_expression -> . logical_or_expression OR logical_and_expression
    (43) logical_and_expression -> . equality_expression
    (44) logical_and_expression -> . logical_and_expression AND equality_expression
    (45) equality_expression -> . relational_expression
    (46) equality_expression -> . equality_expression EQ relational_expression
    (47) equality_expression -> . equality_expression NE relational_expression
    (48) relational_expression -> . additive_expression
    (49) relational_expression -> . relational_expression LT additive_expression
    (50) relational_expression -> . relational_expression GT additive_expression
    (51) relational_expression -> . relational_expression LE additive_expression
    (52) relational_expression -> . relational_expression GE additive_expression
    (53) additive_expression -> . multiplicative_expression
    (54) additive_expression -> . additive_expression PLUS multiplicative_expression
    (55) additive_expression -> . additive_expression MINUS multiplicative_expression
    (56) multiplicative_expression -> . unary_expression
    (57) multiplicative_expression -> . multiplicative_expression TIMES unary_expression
    (58) multiplicative_expression -> . multiplicative_expression DIVIDE unary_expression
    (59) multiplicative_expression -> . multiplicative_expression MOD unary_expression
    (60) unary_expression -> . primary_expression
    (61) unary_expression -> . NOT unary_expression
    (62) unary_expression -> . PLUS unary_expression
    (63) unary_expression -> . MINUS unary_expression
    (64) primary_expression -> . IDENTIFIER
    (65) primary_expression -> . INT_CONST
    (66) primary_expression -> . FLOAT_CONST
    (67) primary_expression -> . CHAR_CONST
    (68) primary_expression -> . STRING
    (69) primary_expression -> . LPAREN expression RPAREN
    (70) primary_expression -> . IDENTIFIER LPAREN arg_list_opt RPAREN

    NOT             shift and go to state 37
    PLUS            shift and go to state 33
    MINUS           shift and go to state 34
    IDENTIFIER      shift and go to state 24
    INT_CONST       shift and go to state 38
    FLOAT_CONST     shift and go to state 39
    CHAR_CONST      shift and go to state 40
    STRING          shift and go to state 41
    LPAREN          shift and go to state 42

    logical_or_expression          shift and go to state 27
    assignment_expression          shift and go to state 71
    logical_and_expression         shift and go to state 28
    equality_expression            shift and go to state 29
    relational_expression          shift and go to state 30
    additive_expression            shift and go to state 31
    multiplicative_expression      shift and go to state 32
    unary_expression               shift and go to state 35
    primary_expression             shift and go to state 36

state 48

    (42) logical_or_expression -> logical_or_expression OR . logical_and_expression
    (43) logical_and_expression -> . equality_expression
    (44) logical_and_expression -> . logical_and_expression AND equality_expression
    (45) equality_expression -> . relational_expression
    (46) equality_expression -> . equality_expression EQ relational_expression
    (47) equality_expression -> . equality_expression NE relational_expression
    (48) relational_expression -> . additive_expression
    (49) relational_expression -> . relational_expression LT additive_expression
    (50) relational_expression -> . relational_expression GT additive_expression
    (51) relational_expression -> . relational_expression LE additive_expression
    (52) relational_expression -> . relational_expression GE additive_expression
    (53) additive_expression -> . multiplicative_expression
    (54) additive_expression -> . additive_expression PLUS multiplicative_expression
    (55) additive_expression -> . additive_expression MINUS multiplicative_expression
    (56) multiplicative_expression -> . unary_expression
    (57) multiplicative_expression -> . multiplicative_expression TIMES unary_expression
    (58) multiplicative_expression -> . multiplicative_expression DIVIDE unary_expression
    (59) multiplicative_expression -> . multiplicative_expression MOD unary_expression
    (60) unary_expression -> . primary_expression
    (61) unary_expression -> . NOT unary_expression
    (62) unary_expression -> . PLUS unary_expression
    (63) unary_expression -> . MINUS unary_expression
    (64) primary_expression -> . IDENTIFIER
    (65) primary_expression -> . INT_CONST
    (66) primary_expression -> . FLOAT_CONST
    (67) primary_expression -> . CHAR_CONST
    (68) primary_expression -> . STRING
    (69) primary_expression -> . LPAREN expression RPAREN
    (70) primary_expression -> . IDENTIFIER LPAREN arg_list_opt RPAREN

    NOT             shift and go to state 37
    PLUS            shift and go to state 33
    MINUS           shift and go to state 34
    IDENTIFIER      shift and go to state 24
    INT_CONST       shift and go to state 38
    FLOAT_CONST     shift and go to state 39
    CHAR_CONST      shift and go to state 40
    STRING          shift and go to state 41
    LPAREN          shift and go to state 42

    logical_and_expression         shift and go to state 72
    equality_expression            shift and go to state 29
    relational_expression          shift and go to state 30
    additive_expression            shift and go to state 31
    multiplicative_expression      shift and go to state 32
    unary_expression               shift and go to state 35
    primary_expression             shift and go to state 36

state 49

    (44) logical_and_expression -> logical_and_expression AND . equality_expression
    (45) equality_expression -> . relational_expression
    (46) equality_expression -> . equality_expression EQ relational_expression
    (47) equality_expression -> . equality_expression NE relational_expression
    (48) relational_expression -> . additive_expression
    (49) relational_expression -> . relational_expression LT additive_expression
    (50) relational_expression -> . relational_expression GT additive_expression
    (51) relational_expression -> . relational_expression LE additive_expression
    (52) relational_expression -> . relational_expression GE additive_expression
    (53) additive_expression -> . multiplicative_expression
    (54) additive_expression -> . additive_expression PLUS multiplicative_expression
    (55) additive_expression -> . additive_expression MINUS multiplicative_expression
    (56) multiplicative_expression -> . unary_expression
    (57) multiplicative_expression -> . multiplicative_expression TIMES unary_expression
    (58) multiplicative_expression -> . multiplicative_expression DIVIDE unary_expression
    (59) multiplicative_expression -> . multiplicative_expression MOD unary_expression
    (60) unary_expression -> . primary_expression
    (61) unary_expression -> . NOT unary_expression
    (62) unary_expression -> . PLUS unary_expression
    (63) unary_expression -> . MINUS unary_expression
    (64) primary_expression -> . IDENTIFIER
    (65) primary_expression -> . INT_CONST
    (66) primary_expression -> . FLOAT_CONST
    (67) primary_expression -> . CHAR_CONST
    (68) primary_expression -> . STRING
    (69) primary_expression -> . LPAREN expression RPAREN
    (70) primary_expression -> . IDENTIFIER LPAREN arg_list_opt RPAREN

    NOT             shift and go to state 37
    PLUS            shift and go to state 33
    MINUS           shift and go to state 34
    IDENTIFIER      shift and go to state 24
    INT_CONST       shift and go to state 38
    FLOAT_CONST     shift and go to state 39
    CHAR_CONST      shift and go to state 40
    STRING          shift and go to state 41
    LPAREN          shift and go to state 42

    equality_expression            shift and go to state 73
    relational_expression          shift and go to state 30
    additive_expression            shift and go to state 31
    multiplicative_expression      shift and go to state 32
    unary_expression               shift and go to state 35
    primary_expression             shift and go to state 36

state 50

    (46) equality_expression -> equality_expression EQ . relational_expression
    (48) relational_expression -> . additive_expression
    (49) relational_expression -> . relational_expression LT additive_expression
    (50) relational_expression -> . relational_expression GT additive_expression
    (51) relational_expression -> . relational_expression LE additive_expression
    (52) relational_expression -> . relational_expression GE additive_expression
    (53) additive_expression -> . multiplicative_expression
    (54) additive_expression -> . additive_expression PLUS multiplicative_expression
    (55) additive_expression -> . additive_expression MINUS multiplicative_expression
    (56) multiplicative_expression -> . unary_expression
    (57) multiplicative_expression -> . multiplicative_expression TIMES unary_expression
    (58) multiplicative_expression -> . multiplicative_expression DIVIDE unary_expression
    (59) multiplicative_expression -> . multiplicative_expression MOD unary_expression
    (60) unary_expression -> . primary_expression
    (61) unary_expression -> . NOT unary_expression
    (62) unary_expression -> . PLUS unary_expression
    (63) unary_expression -> . MINUS unary_expression
    (64) primary_expression -> . IDENTIFIER
    (65) primary_expression -> . INT_CONST
    (66) primary_expression -> . FLOAT_CONST
    (67) primary_expression -> . CHAR_CONST
    (68) primary_expression -> . STRING
    (69) primary_expression -> . LPAREN expression RPAREN
    (70) primary_expression -> . IDENTIFIER LPAREN arg_list_opt RPAREN

    NOT             shift and go to state 37
    PLUS            shift and go to state 33
    MINUS           shift and go to state 34
    IDENTIFIER      shift and go to state 24
    INT_CONST       shift and go to state 38
    FLOAT_CONST     shift and go to state 39
    CHAR_CONST      shift and go to state 40
    STRING          shift and go to state 41
    LPAREN          shift and go to state 42

    relational_expression          shift and go to state 74
    additive_expression            shift and go to state 31
    multiplicative_expression      shift and go to state 32
    unary_expression               shift and go to state 35
    primary_expression             shift and go to state 36

state 51

    (47) equality_expression -> equality_expression NE . relational_expression
    (48) relational_expression -> . additive_expression
    (49) relational_expression -> . relational_expression LT additive_expression
    (50) relational_expression -> . relational_expression GT additive_expression
    (51) relational_expression -> . relational_expression LE additive_expression
    (52) relational_expression -> . relational_expression GE additive_expression
    (53) additive_expression -> . multiplicative_expression
    (54) additive_expression -> . additive_expression PLUS multiplicative_expression
    (55) additive_expression -> . additive_expression MINUS multiplicative_expression
    (56) multiplicative_expression -> . unary_expression
    (57) multiplicative_expression -> . multiplicative_expression TIMES unary_expression
    (58) multiplicative_expression -> . multiplicative_expression DIVIDE unary_expression
    (59) multiplicative_expression -> . multiplicative_expression MOD unary_expression
    (60) unary_expression -> . primary_expression
    (61) unary_expression -> . NOT unary_expression
    (62) unary_expression -> . PLUS unary_expression
    (63) unary_expression -> . MINUS unary_expression
    (64) primary_expression -> . IDENTIFIER
    (65) primary_expression -> . INT_CONST
    (66) primary_expression -> . FLOAT_CONST
    (67) primary_expression -> . CHAR_CONST
    (68) primary_expression -> . STRING
    (69) primary_expression -> . LPAREN expression RPAREN
    (70) primary_expression -> . IDENTIFIER LPAREN arg_list_opt RPAREN

    NOT             shift and go to state 37
    PLUS            shift and go to state 33
    MINUS           shift and go to state 34
    IDENTIFIER      shift and go to state 24
    INT_CONST       shift and go to state 38
    FLOAT_CONST     shift and go to state 39
    CHAR_CONST      shift and go to state 40
    STRING          shift and go to state 41
    LPAREN          shift and go to state 42

    relational_expression          shift and go to state 75
    additive_expression            shift and go to state 31
    multiplicative_expression      shift and go to state 32
    unary_expression               shift and go to state 35
    primary_expression             shift and go to state 36

state 52

    (49) relational_expression -> relational_expression LT . additive_expression
    (53) additive_expression -> . multiplicative_expression
    (54) additive_expression -> . additive_expression PLUS multiplicative_expression
    (55) additive_expression -> . additive_expression MINUS multiplicative_expression
    (56) multiplicative_expression -> . unary_expression
    (57) multiplicative_expression -> . multiplicative_expression TIMES unary_expression
    (58) multiplicative_expression -> . multiplicative_expression DIVIDE unary_expression
    (59) multiplicative_expression -> . multiplicative_expression MOD unary_expression
    (60) unary_expression -> . primary_expression
    (61) unary_expression -> . NOT unary_expression
    (62) unary_expression -> . PLUS unary_expression
    (63) unary_expression -> . MINUS unary_expression
    (64) primary_expression -> . IDENTIFIER
    (65) primary_expression -> . INT_CONST
    (66) primary_expression -> . FLOAT_CONST
    (67) primary_expression -> . CHAR_CONST
    (68) primary_expression -> . STRING
    (69) primary_expression -> . LPAREN expression RPAREN
    (70) primary_expression -> . IDENTIFIER LPAREN arg_list_opt RPAREN

    NOT             shift and go to state 37
    PLUS            shift and go to state 33
    MINUS           shift and go to state 34
    IDENTIFIER      shift and go to state 24
    INT_CONST       shift and go to state 38
    FLOAT_CONST     shift and go to state 39
    CHAR_CONST      shift and go to state 40
    STRING          shift and go to state 41
    LPAREN          shift and go to state 42

    additive_expression            shift and go to state 76
    multiplicative_expression      shift and go to state 32
    unary_expression               shift and go to state 35
    primary_expression             shift and go to state 36

state 53

    (50) relational_expression -> relational_expression GT . additive_expression
    (53) additive_expression -> . multiplicative_expression
    (54) additive_expression -> . additive_expression PLUS multiplicative_expression
    (55) additive_expression -> . additive_expression MINUS multiplicative_expression
    (56) multiplicative_expression -> . unary_expression
    (57) multiplicative_expression -> . multiplicative_expression TIMES unary_expression
    (58) multiplicative_expression -> . multiplicative_expression DIVIDE unary_expression
    (59) multiplicative_expression -> . multiplicative_expression MOD unary_expression
    (60) unary_expression -> . primary_expression
    (61) unary_expression -> . NOT unary_expression
    (62) unary_expression -> . PLUS unary_expression
    (63) unary_expression -> . MINUS unary_expression
    (64) primary_expression -> . IDENTIFIER
    (65) primary_expression -> . INT_CONST
    (66) primary_expression -> . FLOAT_CONST
    (67) primary_expression -> . CHAR_CONST
    (68) primary_expression -> . STRING
    (69) primary_expression -> . LPAREN expression RPAREN
    (70) primary_expression -> . IDENTIFIER LPAREN arg_list_opt RPAREN

    NOT             shift and go to state 37
    PLUS            shift and go to state 33
    MINUS           shift and go to state 34
    IDENTIFIER      shift and go to state 24
    INT_CONST       shift and go to state 38
    FLOAT_CONST     shift and go to state 39
    CHAR_CONST      shift and go to state 40
    STRING          shift and go to state 41
    LPAREN          shift and go to state 42

    additive_expression            shift and go to state 77
    multiplicative_expression      shift and go to state 32
    unary_expression               shift and go to state 35
    primary_expression             shift and go to state 36

state 54

    (51) relational_expression -> relational_expression LE . additive_expression
    (53) additive_expression -> . multiplicative_expression
    (54) additive_expression -> . additive_expression PLUS multiplicative_expression
    (55) additive_expression -> . additive_expression MINUS multiplicative_expression
    (56) multiplicative_expression -> . unary_expression
    (57) multiplicative_expression -> . multiplicative_expression TIMES unary_expression
    (58) multiplicative_expression -> . multiplicative_expression DIVIDE unary_expression
    (59) multiplicative_expression -> . multiplicative_expression MOD unary_expression
    (60) unary_expression -> . primary_expression
    (61) unary_expression -> . NOT unary_expression
    (62) unary_expression -> . PLUS unary_expression
    (63) unary_expression -> . MINUS unary_expression
    (64) primary_expression -> . IDENTIFIER
    (65) primary_expression -> . INT_CONST
    (66) primary_expression -> . FLOAT_CONST
    (67) primary_expression -> . CHAR_CONST
    (68) primary_expression -> . STRING
    (69) primary_expression -> . LPAREN expression RPAREN
    (70) primary_expression -> . IDENTIFIER LPAREN arg_list_opt RPAREN

    NOT             shift and go to state 37
    PLUS            shift and go to state 33
    MINUS           shift and go to state 34
    IDENTIFIER      shift and go to state 24
    INT_CONST       shift and go to state 38
    FLOAT_CONST     shift and go to state 39
    CHAR_CONST      shift and go to state 40
    STRING          shift and go to state 41
    LPAREN          shift and go to state 42

    additive_expression            shift and go to state 78
    multiplicative_expression      shift and go to state 32
    unary_expression               shift and go to state 35
    primary_expression             shift and go to state 36

state 55

    (52) relational_expression -> relational_expression GE . additive_expression
    (53) additive_expression -> . multiplicative_expression
    (54) additive_expression -> . additive_expression PLUS multiplicative_expression
    (55) additive_expression -> . additive_expression MINUS multiplicative_expression
    (56) multiplicative_expression -> . unary_expression
    (57) multiplicative_expression -> . multiplicative_expression TIMES unary_expression
    (58) multiplicative_expression -> . multiplicative_expression DIVIDE unary_expression
    (59) multiplicative_expression -> . multiplicative_expression MOD unary_expression
    (60) unary_expression -> . primary_expression
    (61) unary_expression -> . NOT unary_expression
    (62) unary_expression -> . PLUS unary_expression
    (63) unary_expression -> . MINUS unary_expression
    (64) primary_expression -> . IDENTIFIER
    (65) primary_expression -> . INT_CONST
    (66) primary_expression -> . FLOAT_CONST
    (67) primary_expression -> . CHAR_CONST
    (68) primary_expression -> . STRING
    (69) primary_expression -> . LPAREN expression RPAREN
    (70) primary_expression -> . IDENTIFIER LPAREN arg_list_opt RPAREN

    NOT             shift and go to state 37
    PLUS            shift and go to state 33
    MINUS           shift and go to state 34
    IDENTIFIER      shift and go to state 24
    INT_CONST       shift and go to state 38
    FLOAT_CONST     shift and go to state 39
    CHAR_CONST      shift and go to state 40
    STRING          shift and go to state 41
    LPAREN          shift and go to state 42

    additive_expression            shift and go to state 79
    multiplicative_expression      shift and go to state 32
    unary_expression               shift and go to state 35
    primary_expression             shift and go to state 36

state 56

    (54) additive_expression -> additive_expression PLUS . multiplicative_expression
    (56) multiplicative_expression -> . unary_expression
    (57) multiplicative_expression -> . multiplicative_expression TIMES unary_expression
    (58) multiplicative_expression -> . multiplicative_expression DIVIDE unary_expression
    (59) multiplicative_expression -> . multiplicative_expression MOD unary_expression
    (60) unary_expression -> . primary_expression
    (61) unary_expression -> . NOT unary_expression
    (62) unary_expression -> . PLUS unary_expression
    (63) unary_expression -> . MINUS unary_expression
    (64) primary_expression -> . IDENTIFIER
    (65) primary_expression -> . INT_CONST
    (66) primary_expression -> . FLOAT_CONST
    (67) primary_expression -> . CHAR_CONST
    (68) primary_expression -> . STRING
    (69) primary_expression -> . LPAREN expression RPAREN
    (70) primary_expression -> . IDENTIFIER LPAREN arg_list_opt RPAREN

    NOT             shift and go to state 37
    PLUS            shift and go to state 33
    MINUS           shift and go to state 34
    IDENTIFIER      shift and go to state 24
    INT_CONST       shift and go to state 38
    FLOAT_CONST     shift and go to state 39
    CHAR_CONST      shift and go to state 40
    STRING          shift and go to state 41
    LPAREN          shift and go to state 42

    multiplicative_expression      shift and go to state 80
    unary_expression               shift and go to state 35
    primary_expression             shift and go to state 36

state 57

    (55) additive_expression -> additive_expression MINUS . multiplicative_expression
    (56) multiplicative_expression -> . unary_expression
    (57) multiplicative_expression -> . multiplicative_expression TIMES unary_expression
    (58) multiplicative_expression -> . multiplicative_expression DIVIDE unary_expression
    (59) multiplicative_expression -> . multiplicative_expression MOD unary_expression
    (60) unary_expression -> . primary_expression
    (61) unary_expression -> . NOT unary_expression
    (62) unary_expression -> . PLUS unary_expression
    (63) unary_expression -> . MINUS unary_expression
    (64) primary_expression -> . IDENTIFIER
    (65) primary_expression -> . INT_CONST
    (66) primary_expression -> . FLOAT_CONST
    (67) primary_expression -> . CHAR_CONST
    (68) primary_expression -> . STRING
    (69) primary_expression -> . LPAREN expression RPAREN
    (70) primary_expression -> . IDENTIFIER LPAREN arg_list_opt RPAREN

    NOT             shift and go to state 37
    PLUS            shift and go to state 33
    MINUS           shift and go to state 34
    IDENTIFIER      shift and go to state 24
    INT_CONST       shift and go to state 38
    FLOAT_CONST     shift and go to state 39
    CHAR_CONST      shift and go to state 40
    STRING          shift and go to state 41
    LPAREN          shift and go to state 42

    multiplicative_expression      shift and go to state 81
    unary_expression               shift and go to state 35
    primary_expression             shift and go to state 36

state 58

    (57) multiplicative_expression -> multiplicative_expression TIMES . unary_expression
    (60) unary_expression -> . primary_expression
    (61) unary_expression -> . NOT unary_expression
    (62) unary_expression -> . PLUS unary_expression
    (63) unary_expression -> . MINUS unary_expression
    (64) primary_expression -> . IDENTIFIER
    (65) primary_expression -> . INT_CONST
    (66) primary_expression -> . FLOAT_CONST
    (67) primary_expression -> . CHAR_CONST
    (68) primary_expression -> . STRING
    (69) primary_expression -> . LPAREN expression RPAREN
    (70) primary_expression -> . IDENTIFIER LPAREN arg_list_opt RPAREN

    NOT             shift and go to state 37
    PLUS            shift and go to state 33
    MINUS           shift and go to state 34
    IDENTIFIER      shift and go to state 24
    INT_CONST       shift and go to state 38
    FLOAT_CONST     shift and go to state 39
    CHAR_CONST      shift and go to state 40
    STRING          shift and go to state 41
    LPAREN          shift and go to state 42

    unary_expression               shift and go to state 82
    primary_expression             shift and go to state 36

state 59

    (58) multiplicative_expression -> multiplicative_expression DIVIDE . unary_expression
    (60) unary_expression -> . primary_expression
    (61) unary_expression -> . NOT unary_expression
    (62) unary_expression -> . PLUS unary_expression
    (63) unary_expression -> . MINUS unary_expression
    (64) primary_expression -> . IDENTIFIER
    (65) primary_expression -> . INT_CONST
    (66) primary_expression -> . FLOAT_CONST
    (67) primary_expression -> . CHAR_CONST
    (68) primary_expression -> . STRING
    (69) primary_expression -> . LPAREN expression RPAREN
    (70) primary_expression -> . IDENTIFIER LPAREN arg_list_opt RPAREN

    NOT             shift and go to state 37
    PLUS            shift and go to state 33
    MINUS           shift and go to state 34
    IDENTIFIER      shift and go to state 24
    INT_CONST       shift and go to state 38
    FLOAT_CONST     shift and go to state 39
    CHAR_CONST      shift and go to state 40
    STRING          shift and go to state 41
    LPAREN          shift and go to state 42

    unary_expression               shift and go to state 83
    primary_expression             shift and go to state 36

state 60

    (59) multiplicative_expression -> multiplicative_expression MOD . unary_expression
    (60) unary_expression -> . primary_expression
    (61) unary_expression -> . NOT unary_expression
    (62) unary_expression -> . PLUS unary_expression
    (63) unary_expression -> . MINUS unary_expression
    (64) primary_expression -> . IDENTIFIER
    (65) primary_expression -> . INT_CONST
    (66) primary_expression -> . FLOAT_CONST
    (67) primary_expression -> . CHAR_CONST
    (68) primary_expression -> . STRING
    (69) primary_expression -> . LPAREN expression RPAREN
    (70) primary_expression -> . IDENTIFIER LPAREN arg_list_opt RPAREN

    NOT             shift and go to state 37
    PLUS            shift and go to state 33
    MINUS           shift and go to state 34
    IDENTIFIER      shift and go to state 24
    INT_CONST       shift and go to state 38
    FLOAT_CONST     shift and go to state 39
    CHAR_CONST      shift and go to state 40
    STRING          shift and go to state 41
    LPAREN          shift and go to state 42

    unary_expression               shift and go to state 84
    primary_expression             shift and go to state 36

state 61

    (62) unary_expression -> PLUS unary_expression .

    TIMES           reduce using rule 62 (unary_expression -> PLUS unary_expression .)
    DIVIDE          reduce using rule 62 (unary_expression -> PLUS unary_expression .)
    MOD             reduce using rule 62 (unary_expression -> PLUS unary_expression .)
    PLUS            reduce using rule 62 (unary_expression -> PLUS unary_expression .)
    MINUS           reduce using rule 62 (unary_expression -> PLUS unary_expression .)
    LT              reduce using rule 62 (unary_expression -> PLUS unary_expression .)
    GT              reduce using rule 62 (unary_expression -> PLUS unary_expression .)
    LE              reduce using rule 62 (unary_expression -> PLUS unary_expression .)
    GE              reduce using rule 62 (unary_expression -> PLUS unary_expression .)
    EQ              reduce using rule 62 (unary_expression -> PLUS unary_expression .)
    NE              reduce using rule 62 (unary_expression -> PLUS unary_expression .)
    AND             reduce using rule 62 (unary_expression -> PLUS unary_expression .)
    ASSIGN          reduce using rule 62 (unary_expression -> PLUS unary_expression .)
    OR              reduce using rule 62 (unary_expression -> PLUS unary_expression .)
    SEMICOLON       reduce using rule 62 (unary_expression -> PLUS unary_expression .)
    COMMA           reduce using rule 62 (unary_expression -> PLUS unary_expression .)
    RPAREN          reduce using rule 62 (unary_expression -> PLUS unary_expression .)


state 62

    (63) unary_expression -> MINUS unary_expression .

    TIMES           reduce using rule 63 (unary_expression -> MINUS unary_expression .)
    DIVIDE          reduce using rule 63 (unary_expression -> MINUS unary_expression .)
    MOD             reduce using rule 63 (unary_expression -> MINUS unary_expression .)
    PLUS            reduce using rule 63 (unary_expression -> MINUS unary_expression .)
    MINUS           reduce using rule 63 (unary_expression -> MINUS unary_expression .)
    LT              reduce using rule 63 (unary_expression -> MINUS unary_expression .)
    GT              reduce using rule 63 (unary_expression -> MINUS unary_expression .)
    LE              reduce using rule 63 (unary_expression -> MINUS unary_expression .)
    GE              reduce using rule 63 (unary_expression -> MINUS unary_expression .)
    EQ              reduce using rule 63 (unary_expression -> MINUS unary_expression .)
    NE              reduce using rule 63 (unary_expression -> MINUS unary_expression .)
    AND             reduce using rule 63 (unary_expression -> MINUS unary_expression .)
    ASSIGN          reduce using rule 63 (unary_expression -> MINUS unary_expression .)
    OR              reduce using rule 63 (unary_expression -> MINUS unary_expression .)
    SEMICOLON       reduce using rule 63 (unary_expression -> MINUS unary_expression .)
    COMMA           reduce using rule 63 (unary_expression -> MINUS unary_expression .)
    RPAREN          reduce using rule 63 (unary_expression -> MINUS unary_expression .)


state 63

    (61) unary_expression -> NOT unary_expression .

    TIMES           reduce using rule 61 (unary_expression -> NOT unary_expression .)
    DIVIDE          reduce using rule 61 (unary_expression -> NOT unary_expression .)
    MOD             reduce using rule 61 (unary_expression -> NOT unary_expression .)
    PLUS            reduce using rule 61 (unary_expression -> NOT unary_expression .)
    MINUS           reduce using rule 61 (unary_expression -> NOT unary_expression .)
    LT              reduce using rule 61 (unary_expression -> NOT unary_expression .)
    GT              reduce using rule 61 (unary_expression -> NOT unary_expression .)
    LE              reduce using rule 61 (unary_expression -> NOT unary_expression .)
    GE              reduce using rule 61 (unary_expression -> NOT unary_expression .)
    EQ              reduce using rule 61 (unary_expression -> NOT unary_expression .)
    NE              reduce using rule 61 (unary_expression -> NOT unary_expression .)
    AND             reduce using rule 61 (unary_expression -> NOT unary_expression .)
    ASSIGN          reduce using rule 61 (unary_expression -> NOT unary_expression .)
    OR              reduce using rule 61 (unary_expression -> NOT unary_expression .)
    SEMICOLON       reduce using rule 61 (unary_expression -> NOT unary_expression .)
    COMMA           reduce using rule 61 (unary_expression -> NOT unary_expression .)
    RPAREN          reduce using rule 61 (unary_expression -> NOT unary_expression .)


state 64

    (69) primary_expression -> LPAREN expression . RPAREN

    RPAREN          shift and go to state 85


state 65

    (15) function_def -> type_specifier IDENTIFIER LPAREN param_list_opt RPAREN compound_stmt .

    INT             reduce using rule 15 (function_def -> type_specifier IDENTIFIER LPAREN param_list_opt RPAREN compound_stmt .)
    FLOAT           reduce using rule 15 (function_def -> type_specifier IDENTIFIER LPAREN param_list_opt RPAREN compound_stmt .)
    CHAR_TYPE       reduce using rule 15 (function_def -> type_specifier IDENTIFIER LPAREN param_list_opt RPAREN compound_stmt .)
    VOID            reduce using rule 15 (function_def -> type_specifier IDENTIFIER LPAREN param_list_opt RPAREN compound_stmt .)
    $end            reduce using rule 15 (function_def -> type_specifier IDENTIFIER LPAREN param_list_opt RPAREN compound_stmt .)


state 66

    (21) compound_stmt -> LBRACE . stmt_list RBRACE
    (22) stmt_list -> .
    (23) stmt_list -> . stmt_list statement

    RBRACE          reduce using rule 22 (stmt_list -> .)
    LBRACE          reduce using rule 22 (stmt_list -> .)
    IF              reduce using rule 22 (stmt_list -> .)
    WHILE           reduce using rule 22 (stmt_list -> .)
    FOR             reduce using rule 22 (stmt_list -> .)
    RETURN          reduce using rule 22 (stmt_list -> .)
    INT             reduce using rule 22 (stmt_list -> .)
    FLOAT           reduce using rule 22 (stmt_list -> .)
    CHAR_TYPE       reduce using rule 22 (stmt_list -> .)
    VOID            reduce using rule 22 (stmt_list -> .)
    NOT             reduce using rule 22 (stmt_list -> .)
    PLUS            reduce using rule 22 (stmt_list -> .)
    MINUS           reduce using rule 22 (stmt_list -> .)
    IDENTIFIER      reduce using rule 22 (stmt_list -> .)
    INT_CONST       reduce using rule 22 (stmt_list -> .)
    FLOAT_CONST     reduce using rule 22 (stmt_list -> .)
    CHAR_CONST      reduce using rule 22 (stmt_list -> .)
    STRING          reduce using rule 22 (stmt_list -> .)
    LPAREN          reduce using rule 22 (stmt_list -> .)
    SEMICOLON       reduce using rule 22 (stmt_list -> .)

    stmt_list                      shift and go to state 86

state 67

    (19) param_list -> param_list COMMA param .

    COMMA           reduce using rule 19 (param_list -> param_list COMMA param .)
    RPAREN          reduce using rule 19 (param_list -> param_list COMMA param .)


state 68

    (70) primary_expression -> IDENTIFIER LPAREN arg_list_opt . RPAREN

    RPAREN          shift and go to state 87


state 69

    (72) arg_list_opt -> arg_list .
    (74) arg_list -> arg_list . COMMA expression

    RPAREN          reduce using rule 72 (arg_list_opt -> arg_list .)
    COMMA           shift and go to state 88


state 70

    (73) arg_list -> expression .

    COMMA           reduce using rule 73 (arg_list -> expression .)
    RPAREN          reduce using rule 73 (arg_list -> expression .)


state 71

    (40) assignment_expression -> logical_or_expression ASSIGN assignment_expression .

    SEMICOLON       reduce using rule 40 (assignment_expression -> logical_or_expression ASSIGN assignment_expression .)
    COMMA           reduce using rule 40 (assignment_expression -> logical_or_expression ASSIGN assignment_expression .)
    RPAREN          reduce using rule 40 (assignment_expression -> logical_or_expression ASSIGN assignment_expression .)


state 72

    (42) logical_or_expression -> logical_or_expression OR logical_and_expression .
    (44) logical_and_expression -> logical_and_expression . AND equality_expression

    ASSIGN          reduce using rule 42 (logical_or_expression -> logical_or_expression OR logical_and_expression .)
    OR              reduce using rule 42 (logical_or_expression -> logical_or_expression OR logical_and_expression .)
    SEMICOLON       reduce using rule 42 (logical_or_expression -> logical_or_expression OR logical_and_expression .)
    COMMA           reduce using rule 42 (logical_or_expression -> logical_or_expression OR logical_and_expression .)
    RPAREN          reduce using rule 42 (logical_or_expression -> logical_or_expression OR logical_and_expression .)
    AND             shift and go to state 49


state 73

    (44) logical_and_expression -> logical_and_expression AND equality_expression .
    (46) equality_expression -> equality_expression . EQ relational_expression
    (47) equality_expression -> equality_expression . NE relational_expression

    AND             reduce using rule 44 (logical_and_expression -> logical_and_expression AND equality_expression .)
    ASSIGN          reduce using rule 44 (logical_and_expression -> logical_and_expression AND equality_expression .)
    OR              reduce using rule 44 (logical_and_expression -> logical_and_expression AND equality_expression .)
    SEMICOLON       reduce using rule 44 (logical_and_expression -> logical_and_expression AND equality_expression .)
    COMMA           reduce using rule 44 (logical_and_expression -> logical_and_expression AND equality_expression .)
    RPAREN          reduce using rule 44 (logical_and_expression -> logical_and_expression AND equality_expression .)
    EQ              shift and go to state 50
    NE              shift and go to state 51


state 74

    (46) equality_expression -> equality_expression EQ relational_expression .
    (49) relational_expression -> relational_expression . LT additive_expression
    (50) relational_expression -> relational_expression . GT additive_expression
    (51) relational_expression -> relational_expression . LE additive_expression
    (52) relational_expression -> relational_expression . GE additive_expression

    EQ              reduce using rule 46 (equality_expression -> equality_expression EQ relational_expression .)
    NE              reduce using rule 46 (equality_expression -> equality_expression EQ relational_expression .)
    AND             reduce using rule 46 (equality_expression -> equality_expression EQ relational_expression .)
    ASSIGN          reduce using rule 46 (equality_expression -> equality_expression EQ relational_expression .)
    OR              reduce using rule 46 (equality_expression -> equality_expression EQ relational_expression .)
    SEMICOLON       reduce using rule 46 (equality_expression -> equality_expression EQ relational_expression .)
    COMMA           reduce using rule 46 (equality_expression -> equality_expression EQ relational_expression .)
    RPAREN          reduce using rule 46 (equality_expression -> equality_expression EQ relational_expression .)
    LT              shift and go to state 52
    GT              shift and go to state 53
    LE              shift and go to state 54
    GE              shift and go to state 55


state 75

    (47) equality_expression -> equality_expression NE relational_expression .
    (49) relational_expression -> relational_expression . LT additive_expression
    (50) relational_expression -> relational_expression . GT additive_expression
    (51) relational_expression -> relational_expression . LE additive_expression
    (52) relational_expression -> relational_expression . GE additive_expression

    EQ              reduce using rule 47 (equality_expression -> equality_expression NE relational_expression .)
    NE              reduce using rule 47 (equality_expression -> equality_expression NE relational_expression .)
    AND             reduce using rule 47 (equality_expression -> equality_expression NE relational_expression .)
    ASSIGN          reduce using rule 47 (equality_expression -> equality_expression NE relational_expression .)
    OR              reduce using rule 47 (equality_expression -> equality_expression NE relational_expression .)
    SEMICOLON       reduce using rule 47 (equality_expression -> equality_expression NE relational_expression .)
    COMMA           reduce using rule 47 (equality_expression -> equality_expression NE relational_expression .)
    RPAREN          reduce using rule 47 (equality_expression -> equality_expression NE relational_expression .)
    LT              shift and go to state 52
    GT              shift and go to state 53
    LE              shift and go to state 54
    GE              shift and go to state 55


state 76

    (49) relational_expression -> relational_expression LT additive_expression .
    (54) additive_expression -> additive_expression . PLUS multiplicative_expression
    (55) additive_expression -> additive_expression . MINUS multiplicative_expression

    LT              reduce using rule 49 (relational_expression -> relational_expression LT additive_expression .)
    GT              reduce using rule 49 (relational_expression -> relational_expression LT additive_expression .)
    LE              reduce using rule 49 (relational_expression -> relational_expression LT additive_expression .)
    GE              reduce using rule 49 (relational_expression -> relational_expression LT additive_expression .)
    EQ              reduce using rule 49 (relational_expression -> relational_expression LT additive_expression .)
    NE              reduce using rule 49 (relational_expression -> relational_expression LT additive_expression .)
    AND             reduce using rule 49 (relational_expression -> relational_expression LT additive_expression .)
    ASSIGN          reduce using rule 49 (relational_expression -> relational_expression LT additive_expression .)
    OR              reduce using rule 49 (relational_expression -> relational_expression LT additive_expression .)
    SEMICOLON       reduce using rule 49 (relational_expression -> relational_expression LT additive_expression .)
    COMMA           reduce using rule 49 (relational_expression -> relational_expression LT additive_expression .)
    RPAREN          reduce using rule 49 (relational_expression -> relational_expression LT additive_expression .)
    PLUS            shift and go to state 56
    MINUS           shift and go to state 57


state 77

    (50) relational_expression -> relational_expression GT additive_expression .
    (54) additive_expression -> additive_expression . PLUS multiplicative_expression
    (55) additive_expression -> additive_expression . MINUS multiplicative_expression

    LT              reduce using rule 50 (relational_expression -> relational_expression GT additive_expression .)
    GT              reduce using rule 50 (relational_expression -> relational_expression GT additive_expression .)
    LE              reduce using rule 50 (relational_expression -> relational_expression GT additive_expression .)
    GE              reduce using rule 50 (relational_expression -> relational_expression GT additive_expression .)
    EQ              reduce using rule 50 (relational_expression -> relational_expression GT additive_expression .)
    NE              reduce using rule 50 (relational_expression -> relational_expression GT additive_expression .)
    AND             reduce using rule 50 (relational_expression -> relational_expression GT additive_expression .)
    ASSIGN          reduce using rule 50 (relational_expression -> relational_expression GT additive_expression .)
    OR              reduce using rule 50 (relational_expression -> relational_expression GT additive_expression .)
    SEMICOLON       reduce using rule 50 (relational_expression -> relational_expression GT additive_expression .)
    COMMA           reduce using rule 50 (relational_expression -> relational_expression GT additive_expression .)
    RPAREN          reduce using rule 50 (relational_expression -> relational_expression GT additive_expression .)
    PLUS            shift and go to state 56
    MINUS           shift and go to state 57


state 78

    (51) relational_expression -> relational_expression LE additive_expression .
    (54) additive_expression -> additive_expression . PLUS multiplicative_expression
    (55) additive_expression -> additive_expression . MINUS multiplicative_expression

    LT              reduce using rule 51 (relational_expression -> relational_expression LE additive_expression .)
    GT              reduce using rule 51 (relational_expression -> relational_expression LE additive_expression .)
    LE              reduce using rule 51 (relational_expression -> relational_expression LE additive_expression .)
    GE              reduce using rule 51 (relational_expression -> relational_expression LE additive_expression .)
    EQ              reduce using rule 51 (relational_expression -> relational_expression LE additive_expression .)
    NE              reduce using rule 51 (relational_expression -> relational_expression LE additive_expression .)
    AND             reduce using rule 51 (relational_expression -> relational_expression LE additive_expression .)
    ASSIGN          reduce using rule 51 (relational_expression -> relational_expression LE additive_expression .)
    OR              reduce using rule 51 (relational_expression -> relational_expression LE additive_expression .)
    SEMICOLON       reduce using rule 51 (relational_expression -> relational_expression LE additive_expression .)
    COMMA           reduce using rule 51 (relational_expression -> relational_expression LE additive_expression .)
    RPAREN          reduce using rule 51 (relational_expression -> relational_expression LE additive_expression .)
    PLUS            shift and go to state 56
    MINUS           shift and go to state 57


state 79

    (52) relational_expression -> relational_expression GE additive_expression .
    (54) additive_expression -> additive_expression . PLUS multiplicative_expression
    (55) additive_expression -> additive_expression . MINUS multiplicative_expression

    LT              reduce using rule 52 (relational_expression -> relational_expression GE additive_expression .)
    GT              reduce using rule 52 (relational_expression -> relational_expression GE additive_expression .)
    LE              reduce using rule 52 (relational_expression -> relational_expression GE additive_expression .)
    GE              reduce using rule 52 (relational_expression -> relational_expression GE additive_expression .)
    EQ              reduce using rule 52 (relational_expression -> relational_expression GE additive_expression .)
    NE              reduce using rule 52 (relational_expression -> relational_expression GE additive_expression .)
    AND             reduce using rule 52 (relational_expression -> relational_expression GE additive_expression .)
    ASSIGN          reduce using rule 52 (relational_expression -> relational_expression GE additive_expression .)
    OR              reduce using rule 52 (relational_expression -> relational_expression GE additive_expression .)
    SEMICOLON       reduce using rule 52 (relational_expression -> relational_expression GE additive_expression .)
    COMMA           reduce using rule 52 (relational_expression -> relational_expression GE additive_expression .)
    RPAREN          reduce using rule 52 (relational_expression -> relational_expression GE additive_expression .)
    PLUS            shift and go to state 56
    MINUS           shift and go to state 57


state 80

    (54) additive_expression -> additive_expression PLUS multiplicative_expression .
    (57) multiplicative_expression -> multiplicative_expression . TIMES unary_expression
    (58) multiplicative_expression -> multiplicative_expression . DIVIDE unary_expression
    (59) multiplicative_expression -> multiplicative_expression . MOD unary_expression

    PLUS            reduce using rule 54 (additive_expression -> additive_expression PLUS multiplicative_expression .)
    MINUS           reduce using rule 54 (additive_expression -> additive_expression PLUS multiplicative_expression .)
    LT              reduce using rule 54 (additive_expression -> additive_expression PLUS multiplicative_expression .)
    GT              reduce using rule 54 (additive_expression -> additive_expression PLUS multiplicative_expression .)
    LE              reduce using rule 54 (additive_expression -> additive_expression PLUS multiplicative_expression .)
    GE              reduce using rule 54 (additive_expression -> additive_expression PLUS multiplicative_expression .)
    EQ              reduce using rule 54 (additive_expression -> additive_expression PLUS multiplicative_expression .)
    NE              reduce using rule 54 (additive_expression -> additive_expression PLUS multiplicative_expression .)
    AND             reduce using rule 54 (additive_expression -> additive_expression PLUS multiplicative_expression .)
    ASSIGN          reduce using rule 54 (additive_expression -> additive_expression PLUS multiplicative_expression .)
    OR              reduce using rule 54 (additive_expression -> additive_expression PLUS multiplicative_expression .)
    SEMICOLON       reduce using rule 54 (additive_expression -> additive_expression PLUS multiplicative_expression .)
    COMMA           reduce using rule 54 (additive_expression -> additive_expression PLUS multiplicative_expression .)
    RPAREN          reduce using rule 54 (additive_expression -> additive_expression PLUS multiplicative_expression .)
    TIMES           shift and go to state 58
    DIVIDE          shift and go to state 59
    MOD             shift and go to state 60


state 81

    (55) additive_expression -> additive_expression MINUS multiplicative_expression .
    (57) multiplicative_expression -> multiplicative_expression . TIMES unary_expression
    (58) multiplicative_expression -> multiplicative_expression . DIVIDE unary_expression
    (59) multiplicative_expression -> multiplicative_expression . MOD unary_expression

    PLUS            reduce using rule 55 (additive_expression -> additive_expression MINUS multiplicative_expression .)
    MINUS           reduce using rule 55 (additive_expression -> additive_expression MINUS multiplicative_expression .)
    LT              reduce using rule 55 (additive_expression -> additive_expression MINUS multiplicative_expression .)
    GT              reduce using rule 55 (additive_expression -> additive_expression MINUS multiplicative_expression .)
    LE              reduce using rule 55 (additive_expression -> additive_expression MINUS multiplicative_expression .)
    GE              reduce using rule 55 (additive_expression -> additive_expression MINUS multiplicative_expression .)
    EQ              reduce using rule 55 (additive_expression -> additive_expression MINUS multiplicative_expression .)
    NE              reduce using rule 55 (additive_expression -> additive_expression MINUS multiplicative_expression .)
    AND             reduce using rule 55 (additive_expression -> additive_expression MINUS multiplicative_expression .)
    ASSIGN          reduce using rule 55 (additive_expression -> additive_expression MINUS multiplicative_expression .)
    OR              reduce using rule 55 (additive_expression -> additive_expression MINUS multiplicative_expression .)
    SEMICOLON       reduce using rule 55 (additive_expression -> additive_expression MINUS multiplicative_expression .)
    COMMA           reduce using rule 55 (additive_expression -> additive_expression MINUS multiplicative_expression .)
    RPAREN          reduce using rule 55 (additive_expression -> additive_expression MINUS multiplicative_expression .)
    TIMES           shift and go to state 58
    DIVIDE          shift and go to state 59
    MOD             shift and go to state 60


state 82

    (57) multiplicative_expression -> multiplicative_expression TIMES unary_expression .

    TIMES           reduce using rule 57 (multiplicative_expression -> multiplicative_expression TIMES unary_expression .)
    DIVIDE          reduce using rule 57 (multiplicative_expression -> multiplicative_expression TIMES unary_expression .)
    MOD             reduce using rule 57 (multiplicative_expression -> multiplicative_expression TIMES unary_expression .)
    PLUS            reduce using rule 57 (multiplicative_expression -> multiplicative_expression TIMES unary_expression .)
    MINUS           reduce using rule 57 (multiplicative_expression -> multiplicative_expression TIMES unary_expression .)
    LT              reduce using rule 57 (multiplicative_expression -> multiplicative_expression TIMES unary_expression .)
    GT              reduce using rule 57 (multiplicative_expression -> multiplicative_expression TIMES unary_expression .)
    LE              reduce using rule 57 (multiplicative_expression -> multiplicative_expression TIMES unary_expression .)
    GE              reduce using rule 57 (multiplicative_expression -> multiplicative_expression TIMES unary_expression .)
    EQ              reduce using rule 57 (multiplicative_expression -> multiplicative_expression TIMES unary_expression .)
    NE              reduce using rule 57 (multiplicative_expression -> multiplicative_expression TIMES unary_expression .)
    AND             reduce using rule 57 (multiplicative_expression -> multiplicative_expression TIMES unary_expression .)
    ASSIGN          reduce using rule 57 (multiplicative_expression -> multiplicative_expression TIMES unary_expression .)
    OR              reduce using rule 57 (multiplicative_expression -> multiplicative_expression TIMES unary_expression .)
    SEMICOLON       reduce using rule 57 (multiplicative_expression -> multiplicative_expression TIMES unary_expression .)
    COMMA           reduce using rule 57 (multiplicative_expression -> multiplicative_expression TIMES unary_expression .)
    RPAREN          reduce using rule 57 (multiplicative_expression -> multiplicative_expression TIMES unary_expression .)


state 83

    (58) multiplicative_expression -> multiplicative_expression DIVIDE unary_expression .

    TIMES           reduce using rule 58 (multiplicative_expression -> multiplicative_expression DIVIDE unary_expression .)
    DIVIDE          reduce using rule 58 (multiplicative_expression -> multiplicative_expression DIVIDE unary_expression .)
    MOD             reduce using rule 58 (multiplicative_expression -> multiplicative_expression DIVIDE unary_expression .)
    PLUS            reduce using rule 58 (multiplicative_expression -> multiplicative_expression DIVIDE unary_expression .)
    MINUS           reduce using rule 58 (multiplicative_expression -> multiplicative_expression DIVIDE unary_expression .)
    LT              reduce using rule 58 (multiplicative_expression -> multiplicative_expression DIVIDE unary_expression .)
    GT              reduce using rule 58 (multiplicative_expression -> multiplicative_expression DIVIDE unary_expression .)
    LE              reduce using rule 58 (multiplicative_expression -> multiplicative_expression DIVIDE unary_expression .)
    GE              reduce using rule 58 (multiplicative_expression -> multiplicative_expression DIVIDE unary_expression .)
    EQ              reduce using rule 58 (multiplicative_expression -> multiplicative_expression DIVIDE unary_expression .)
    NE              reduce using rule 58 (multiplicative_expression -> multiplicative_expression DIVIDE unary_expression .)
    AND             reduce using rule 58 (multiplicative_expression -> multiplicative_expression DIVIDE unary_expression .)
    ASSIGN          reduce using rule 58 (multiplicative_expression -> multiplicative_expression DIVIDE unary_expression .)
    OR              reduce using rule 58 (multiplicative_expression -> multiplicative_expression DIVIDE unary_expression .)
    SEMICOLON       reduce using rule 58 (multiplicative_expression -> multiplicative_expression DIVIDE unary_expression .)
    COMMA           reduce using rule 58 (multiplicative_expression -> multiplicative_expression DIVIDE unary_expression .)
    RPAREN          reduce using rule 58 (multiplicative_expression -> multiplicative_expression DIVIDE unary_expression .)


state 84

    (59) multiplicative_expression -> multiplicative_expression MOD unary_expression .

    TIMES           reduce using rule 59 (multiplicative_expression -> multiplicative_expression MOD unary_expression .)
    DIVIDE          reduce using rule 59 (multiplicative_expression -> multiplicative_expression MOD unary_expression .)
    MOD             reduce using rule 59 (multiplicative_expression -> multiplicative_expression MOD unary_expression .)
    PLUS            reduce using rule 59 (multiplicative_expression -> multiplicative_expression MOD unary_expression .)
    MINUS           reduce using rule 59 (multiplicative_expression -> multiplicative_expression MOD unary_expression .)
    LT              reduce using rule 59 (multiplicative_expression -> multiplicative_expression MOD unary_expression .)
    GT              reduce using rule 59 (multiplicative_expression -> multiplicative_expression MOD unary_expression .)
    LE              reduce using rule 59 (multiplicative_expression -> multiplicative_expression MOD unary_expression .)
    GE              reduce using rule 59 (multiplicative_expression -> multiplicative_expression MOD unary_expression .)
    EQ              reduce using rule 59 (multiplicative_expression -> multiplicative_expression MOD unary_expression .)
    NE              reduce using rule 59 (multiplicative_expression -> multiplicative_expression MOD unary_expression .)
    AND             reduce using rule 59 (multiplicative_expression -> multiplicative_expression MOD unary_expression .)
    ASSIGN          reduce using rule 59 (multiplicative_expression -> multiplicative_expression MOD unary_expression .)
    OR              reduce using rule 59 (multiplicative_expression -> multiplicative_expression MOD unary_expression .)
    SEMICOLON       reduce using rule 59 (multiplicative_expression -> multiplicative_expression MOD unary_expression .)
    COMMA           reduce using rule 59 (multiplicative_expression -> multiplicative_expression MOD unary_expression .)
    RPAREN          reduce using rule 59 (multiplicative_expression -> multiplicative_expression MOD unary_expression .)


state 85

    (69) primary_expression -> LPAREN expression RPAREN .

    TIMES           reduce using rule 69 (primary_expression -> LPAREN expression RPAREN .)
    DIVIDE          reduce using rule 69 (primary_expression -> LPAREN expression RPAREN .)
    MOD             reduce using rule 69 (primary_expression -> LPAREN expression RPAREN .)
    PLUS            reduce using rule 69 (primary_expression -> LPAREN expression RPAREN .)
    MINUS           reduce using rule 69 (primary_expression -> LPAREN expression RPAREN .)
    LT              reduce using rule 69 (primary_expression -> LPAREN expression RPAREN .)
    GT              reduce using rule 69 (primary_expression -> LPAREN expression RPAREN .)
    LE              reduce using rule 69 (primary_expression -> LPAREN expression RPAREN .)
    GE              reduce using rule 69 (primary_expression -> LPAREN expression RPAREN .)
    EQ              reduce using rule 69 (primary_expression -> LPAREN expression RPAREN .)
    NE              reduce using rule 69 (primary_expression -> LPAREN expression RPAREN .)
    AND             reduce using rule 69 (primary_expression -> LPAREN expression RPAREN .)
    ASSIGN          reduce using rule 69 (primary_expression -> LPAREN expression RPAREN .)
    OR              reduce using rule 69 (primary_expression -> LPAREN expression RPAREN .)
    SEMICOLON       reduce using rule 69 (primary_expression -> LPAREN expression RPAREN .)
    COMMA           reduce using rule 69 (primary_expression -> LPAREN expression RPAREN .)
    RPAREN          reduce using rule 69 (primary_expression -> LPAREN expression RPAREN .)


state 86

    (21) compound_stmt -> LBRACE stmt_list . RBRACE
    (23) stmt_list -> stmt_list . statement
    (24) statement -> . expression_stmt
    (25) statement -> . compound_stmt
    (26) statement -> . selection_stmt
    (27) statement -> . iteration_stmt
    (28) statement -> . return_stmt
    (29) statement -> . declaration
    (30) expression_stmt -> . expression_opt SEMICOLON
    (21) compound_stmt -> . LBRACE stmt_list RBRACE
    (33) selection_stmt -> . IF LPAREN expression RPAREN statement
    (34) selection_stmt -> . IF LPAREN expression RPAREN statement ELSE statement
    (35) iteration_stmt -> . WHILE LPAREN expression RPAREN statement
    (36) iteration_stmt -> . FOR LPAREN expression_opt SEMICOLON expression_opt SEMICOLON expression_opt RPAREN statement
    (37) return_stmt -> . RETURN expression_opt SEMICOLON
    (6) declaration -> . type_specifier init_declarator_list SEMICOLON
    (31) expression_opt -> .
    (32) expression_opt -> . expression
    (11) type_specifier -> . INT
    (12) type_specifier -> . FLOAT
    (13) type_specifier -> . CHAR_TYPE
    (14) type_specifier -> . VOID
    (38) expression -> . assignment_expression
    (39) assignment_expression -> . logical_or_expression
    (40) assignment_expression -> . logical_or_expression ASSIGN assignment_expression
    (41) logical_or_expression -> . logical_and_expression
    (42) logical_or_expression -> . logical_or_expression OR logical_and_expression
    (43) logical_and_expression -> . equality_expression
    (44) logical_and_expression -> . logical_and_expression AND equality_expression
    (45) equality_expression -> . relational_expression
    (46) equality_expression -> . equality_expression EQ relational_expression
    (47) equality_expression -> . equality_expression NE relational_expression
    (48) relational_expression -> . additive_expression
    (49) relational_expression -> . relational_expression LT additive_expression
    (50) relational_expression -> . relational_expression GT additive_expression
    (51) relational_expression -> . relational_expression LE additive_expression
    (52) relational_expression -> . relational_expression GE additive_expression
    (53) additive_expression -> . multiplicative_expression
    (54) additive_expression -> . additive_expression PLUS multiplicative_expression
    (55) additive_expression -> . additive_expression MINUS multiplicative_expression
    (56) multiplicative_expression -> . unary_expression
    (57) multiplicative_expression -> . multiplicative_expression TIMES unary_expression
    (58) multiplicative_expression -> . multiplicative_expression DIVIDE unary_expression
    (59) multiplicative_expression -> . multiplicative_expression MOD unary_expression
    (60) unary_expression -> . primary_expression
    (61) unary_expression -> . NOT unary_expression
    (62) unary_expression -> . PLUS unary_expression
    (63) unary_expression -> . MINUS unary_expression
    (64) primary_expression -> . IDENTIFIER
    (65) primary_expression -> . INT_CONST
    (66) primary_expression -> . FLOAT_CONST
    (67) primary_expression -> . CHAR_CONST
    (68) primary_expression -> . STRING
    (69) primary_expression -> . LPAREN expression RPAREN
    (70) primary_expression -> . IDENTIFIER LPAREN arg_list_opt RPAREN

    RBRACE          shift and go to state 89
    LBRACE          shift and go to state 66
    IF              shift and go to state 98
    WHILE           shift and go to state 100
    FOR             shift and go to state 101
    RETURN          shift and go to state 102
    SEMICOLON       reduce using rule 31 (expression_opt -> .)
    INT             shift and go to state 7
    FLOAT           shift and go to state 8
    CHAR_TYPE       shift and go to state 9
    VOID            shift and go to state 10
    NOT             shift and go to state 37
    PLUS            shift and go to state 33
    MINUS           shift and go to state 34
    IDENTIFIER      shift and go to state 24
    INT_CONST       shift and go to state 38
    FLOAT_CONST     shift and go to state 39
    CHAR_CONST      shift and go to state 40
    STRING          shift and go to state 41
    LPAREN          shift and go to state 42

    statement                      shift and go to state 90
    expression_stmt                shift and go to state 91
    compound_stmt                  shift and go to state 92
    selection_stmt                 shift and go to state 93
    iteration_stmt                 shift and go to state 94
    return_stmt                    shift and go to state 95
    declaration                    shift and go to state 96
    expression_opt                 shift and go to state 97
    expression                     shift and go to state 99
    type_specifier                 shift and go to state 103
    assignment_expression          shift and go to state 26
    logical_or_expression          shift and go to state 27
    logical_and_expression         shift and go to state 28
    equality_expression            shift and go to state 29
    relational_expression          shift and go to state 30
    additive_expression            shift and go to state 31
    multiplicative_expression      shift and go to state 32
    unary_expression               shift and go to state 35
    primary_expression             shift and go to state 36

state 87

    (70) primary_expression -> IDENTIFIER LPAREN arg_list_opt RPAREN .

    TIMES           reduce using rule 70 (primary_expression -> IDENTIFIER LPAREN arg_list_opt RPAREN .)
    DIVIDE          reduce using rule 70 (primary_expression -> IDENTIFIER LPAREN arg_list_opt RPAREN .)
    MOD             reduce using rule 70 (primary_expression -> IDENTIFIER LPAREN arg_list_opt RPAREN .)
    PLUS            reduce using rule 70 (primary_expression -> IDENTIFIER LPAREN arg_list_opt RPAREN .)
    MINUS           reduce using rule 70 (primary_expression -> IDENTIFIER LPAREN arg_list_opt RPAREN .)
    LT              reduce using rule 70 (primary_expression -> IDENTIFIER LPAREN arg_list_opt RPAREN .)
    GT              reduce using rule 70 (primary_expression -> IDENTIFIER LPAREN arg_list_opt RPAREN .)
    LE              reduce using rule 70 (primary_expression -> IDENTIFIER LPAREN arg_list_opt RPAREN .)
    GE              reduce using rule 70 (primary_expression -> IDENTIFIER LPAREN arg_list_opt RPAREN .)
    EQ              reduce using rule 70 (primary_expression -> IDENTIFIER LPAREN arg_list_opt RPAREN .)
    NE              reduce using rule 70 (primary_expression -> IDENTIFIER LPAREN arg_list_opt RPAREN .)
    AND             reduce using rule 70 (primary_expression -> IDENTIFIER LPAREN arg_list_opt RPAREN .)
    ASSIGN          reduce using rule 70 (primary_expression -> IDENTIFIER LPAREN arg_list_opt RPAREN .)
    OR              reduce using rule 70 (primary_expression -> IDENTIFIER LPAREN arg_list_opt RPAREN .)
    SEMICOLON       reduce using rule 70 (primary_expression -> IDENTIFIER LPAREN arg_list_opt RPAREN .)
    COMMA           reduce using rule 70 (primary_expression -> IDENTIFIER LPAREN arg_list_opt RPAREN .)
    RPAREN          reduce using rule 70 (primary_expression -> IDENTIFIER LPAREN arg_list_opt RPAREN .)


state 88

    (74) arg_list -> arg_list COMMA . expression
    (38) expression -> . assignment_expression
    (39) assignment_expression -> . logical_or_expression
    (40) assignment_expression -> . logical_or_expression ASSIGN assignment_expression
    (41) logical_or_expression -> . logical_and_expression
    (42) logical_or_expression -> . logical_or_expression OR logical_and_expression
    (43) logical_and_expression -> . equality_expression
    (44) logical_and_expression -> . logical_and_expression AND equality_expression
    (45) equality_expression -> . relational_expression
    (46) equality_expression -> . equality_expression EQ relational_expression
    (47) equality_expression -> . equality_expression NE relational_expression
    (48) relational_expression -> . additive_expression
    (49) relational_expression -> . relational_expression LT additive_expression
    (50) relational_expression -> . relational_expression GT additive_expression
    (51) relational_expression -> . relational_expression LE additive_expression
    (52) relational_expression -> . relational_expression GE additive_expression
    (53) additive_expression -> . multiplicative_expression
    (54) additive_expression -> . additive_expression PLUS multiplicative_expression
    (55) additive_expression -> . additive_expression MINUS multiplicative_expression
    (56) multiplicative_expression -> . unary_expression
    (57) multiplicative_expression -> . multiplicative_expression TIMES unary_expression
    (58) multiplicative_expression -> . multiplicative_expression DIVIDE unary_expression
    (59) multiplicative_expression -> . multiplicative_expression MOD unary_expression
    (60) unary_expression -> . primary_expression
    (61) unary_expression -> . NOT unary_expression
    (62) unary_expression -> . PLUS unary_expression
    (63) unary_expression -> . MINUS unary_expression
    (64) primary_expression -> . IDENTIFIER
    (65) primary_expression -> . INT_CONST
    (66) primary_expression -> . FLOAT_CONST
    (67) primary_expression -> . CHAR_CONST
    (68) primary_expression -> . STRING
    (69) primary_expression -> . LPAREN expression RPAREN
    (70) primary_expression -> . IDENTIFIER LPAREN arg_list_opt RPAREN

    NOT             shift and go to state 37
    PLUS            shift and go to state 33
    MINUS           shift and go to state 34
    IDENTIFIER      shift and go to state 24
    INT_CONST       shift and go to state 38
    FLOAT_CONST     shift and go to state 39
    CHAR_CONST      shift and go to state 40
    STRING          shift and go to state 41
    LPAREN          shift and go to state 42

    expression                     shift and go to state 104
    assignment_expression          shift and go to state 26
    logical_or_expression          shift and go to state 27
    logical_and_expression         shift and go to state 28
    equality_expression            shift and go to state 29
    relational_expression          shift and go to state 30
    additive_expression            shift and go to state 31
    multiplicative_expression      shift and go to state 32
    unary_expression               shift and go to state 35
    primary_expression             shift and go to state 36

state 89

    (21) compound_stmt -> LBRACE stmt_list RBRACE .

    INT             reduce using rule 21 (compound_stmt -> LBRACE stmt_list RBRACE .)
    FLOAT           reduce using rule 21 (compound_stmt -> LBRACE stmt_list RBRACE .)
    CHAR_TYPE       reduce using rule 21 (compound_stmt -> LBRACE stmt_list RBRACE .)
    VOID            reduce using rule 21 (compound_stmt -> LBRACE stmt_list RBRACE .)
    $end            reduce using rule 21 (compound_stmt -> LBRACE stmt_list RBRACE .)
    RBRACE          reduce using rule 21 (compound_stmt -> LBRACE stmt_list RBRACE .)
    LBRACE          reduce using rule 21 (compound_stmt -> LBRACE stmt_list RBRACE .)
    IF              reduce using rule 21 (compound_stmt -> LBRACE stmt_list RBRACE .)
    WHILE           reduce using rule 21 (compound_stmt -> LBRACE stmt_list RBRACE .)
    FOR             reduce using rule 21 (compound_stmt -> LBRACE stmt_list RBRACE .)
    RETURN          reduce using rule 21 (compound_stmt -> LBRACE stmt_list RBRACE .)
    NOT             reduce using rule 21 (compound_stmt -> LBRACE stmt_list RBRACE .)
    PLUS            reduce using rule 21 (compound_stmt -> LBRACE stmt_list RBRACE .)
    MINUS           reduce using rule 21 (compound_stmt -> LBRACE stmt_list RBRACE .)
    IDENTIFIER      reduce using rule 21 (compound_stmt -> LBRACE stmt_list RBRACE .)
    INT_CONST       reduce using rule 21 (compound_stmt -> LBRACE stmt_list RBRACE .)
    FLOAT_CONST     reduce using rule 21 (compound_stmt -> LBRACE stmt_list RBRACE .)
    CHAR_CONST      reduce using rule 21 (compound_stmt -> LBRACE stmt_list RBRACE .)
    STRING          reduce using rule 21 (compound_stmt -> LBRACE stmt_list RBRACE .)
    LPAREN          reduce using rule 21 (compound_stmt -> LBRACE stmt_list RBRACE .)
    SEMICOLON       reduce using rule 21 (compound_stmt -> LBRACE stmt_list RBRACE .)
    ELSE            reduce using rule 21 (compound_stmt -> LBRACE stmt_list RBRACE .)


state 90

    (23) stmt_list -> stmt_list statement .

    RBRACE          reduce using rule 23 (stmt_list -> stmt_list statement .)
    LBRACE          reduce using rule 23 (stmt_list -> stmt_list statement .)
    IF              reduce using rule 23 (stmt_list -> stmt_list statement .)
    WHILE           reduce using rule 23 (stmt_list -> stmt_list statement .)
    FOR             reduce using rule 23 (stmt_list -> stmt_list statement .)
    RETURN          reduce using rule 23 (stmt_list -> stmt_list statement .)
    INT             reduce using rule 23 (stmt_list -> stmt_list statement .)
    FLOAT           reduce using rule 23 (stmt_list -> stmt_list statement .)
    CHAR_TYPE       reduce using rule 23 (stmt_list -> stmt_list statement .)
    VOID            reduce using rule 23 (stmt_list -> stmt_list statement .)
    NOT             reduce using rule 23 (stmt_list -> stmt_list statement .)
    PLUS            reduce using rule 23 (stmt_list -> stmt_list statement .)
    MINUS           reduce using rule 23 (stmt_list -> stmt_list statement .)
    IDENTIFIER      reduce using rule 23 (stmt_list -> stmt_list statement .)
    INT_CONST       reduce using rule 23 (stmt_list -> stmt_list statement .)
    FLOAT_CONST     reduce using rule 23 (stmt_list -> stmt_list statement .)
    CHAR_CONST      reduce using rule 23 (stmt_list -> stmt_list statement .)
    STRING          reduce using rule 23 (stmt_list -> stmt_list statement .)
    LPAREN          reduce using rule 23 (stmt_list -> stmt_list statement .)
    SEMICOLON       reduce using rule 23 (stmt_list -> stmt_list statement .)


state 91

    (24) statement -> expression_stmt .

    RBRACE          reduce using rule 24 (statement -> expression_stmt .)
    LBRACE          reduce using rule 24 (statement -> expression_stmt .)
    IF              reduce using rule 24 (statement -> expression_stmt .)
    WHILE           reduce using rule 24 (statement -> expression_stmt .)
    FOR             reduce using rule 24 (statement -> expression_stmt .)
    RETURN          reduce using rule 24 (statement -> expression_stmt .)
    INT             reduce using rule 24 (statement -> expression_stmt .)
    FLOAT           reduce using rule 24 (statement -> expression_stmt .)
    CHAR_TYPE       reduce using rule 24 (statement -> expression_stmt .)
    VOID            reduce using rule 24 (statement -> expression_stmt .)
    NOT             reduce using rule 24 (statement -> expression_stmt .)
    PLUS            reduce using rule 24 (statement -> expression_stmt .)
    MINUS           reduce using rule 24 (statement -> expression_stmt .)
    IDENTIFIER      reduce using rule 24 (statement -> expression_stmt .)
    INT_CONST       reduce using rule 24 (statement -> expression_stmt .)
    FLOAT_CONST     reduce using rule 24 (statement -> expression_stmt .)
    CHAR_CONST      reduce using rule 24 (statement -> expression_stmt .)
    STRING          reduce using rule 24 (statement -> expression_stmt .)
    LPAREN          reduce using rule 24 (statement -> expression_stmt .)
    SEMICOLON       reduce using rule 24 (statement -> expression_stmt .)
    ELSE            reduce using rule 24 (statement -> expression_stmt .)


state 92

    (25) statement -> compound_stmt .

    RBRACE          reduce using rule 25 (statement -> compound_stmt .)
    LBRACE          reduce using rule 25 (statement -> compound_stmt .)
    IF              reduce using rule 25 (statement -> compound_stmt .)
    WHILE           reduce using rule 25 (statement -> compound_stmt .)
    FOR             reduce using rule 25 (statement -> compound_stmt .)
    RETURN          reduce using rule 25 (statement -> compound_stmt .)
    INT             reduce using rule 25 (statement -> compound_stmt .)
    FLOAT           reduce using rule 25 (statement -> compound_stmt .)
    CHAR_TYPE       reduce using rule 25 (statement -> compound_stmt .)
    VOID            reduce using rule 25 (statement -> compound_stmt .)
    NOT             reduce using rule 25 (statement -> compound_stmt .)
    PLUS            reduce using rule 25 (statement -> compound_stmt .)
    MINUS           reduce using rule 25 (statement -> compound_stmt .)
    IDENTIFIER      reduce using rule 25 (statement -> compound_stmt .)
    INT_CONST       reduce using rule 25 (statement -> compound_stmt .)
    FLOAT_CONST     reduce using rule 25 (statement -> compound_stmt .)
    CHAR_CONST      reduce using rule 25 (statement -> compound_stmt .)
    STRING          reduce using rule 25 (statement -> compound_stmt .)
    LPAREN          reduce using rule 25 (statement -> compound_stmt .)
    SEMICOLON       reduce using rule 25 (statement -> compound_stmt .)
    ELSE            reduce using rule 25 (statement -> compound_stmt .)


state 93

    (26) statement -> selection_stmt .

    RBRACE          reduce using rule 26 (statement -> selection_stmt .)
    LBRACE          reduce using rule 26 (statement -> selection_stmt .)
    IF              reduce using rule 26 (statement -> selection_stmt .)
    WHILE           reduce using rule 26 (statement -> selection_stmt .)
    FOR             reduce using rule 26 (statement -> selection_stmt .)
    RETURN          reduce using rule 26 (statement -> selection_stmt .)
    INT             reduce using rule 26 (statement -> selection_stmt .)
    FLOAT           reduce using rule 26 (statement -> selection_stmt .)
    CHAR_TYPE       reduce using rule 26 (statement -> selection_stmt .)
    VOID            reduce using rule 26 (statement -> selection_stmt .)
    NOT             reduce using rule 26 (statement -> selection_stmt .)
    PLUS            reduce using rule 26 (statement -> selection_stmt .)
    MINUS           reduce using rule 26 (statement -> selection_stmt .)
    IDENTIFIER      reduce using rule 26 (statement -> selection_stmt .)
    INT_CONST       reduce using rule 26 (statement -> selection_stmt .)
    FLOAT_CONST     reduce using rule 26 (statement -> selection_stmt .)
    CHAR_CONST      reduce using rule 26 (statement -> selection_stmt .)
    STRING          reduce using rule 26 (statement -> selection_stmt .)
    LPAREN          reduce using rule 26 (statement -> selection_stmt .)
    SEMICOLON       reduce using rule 26 (statement -> selection_stmt .)
    ELSE            reduce using rule 26 (statement -> selection_stmt .)


state 94

    (27) statement -> iteration_stmt .

    RBRACE          reduce using rule 27 (statement -> iteration_stmt .)
    LBRACE          reduce using rule 27 (statement -> iteration_stmt .)
    IF              reduce using rule 27 (statement -> iteration_stmt .)
    WHILE           reduce using rule 27 (statement -> iteration_stmt .)
    FOR             reduce using rule 27 (statement -> iteration_stmt .)
    RETURN          reduce using rule 27 (statement -> iteration_stmt .)
    INT             reduce using rule 27 (statement -> iteration_stmt .)
    FLOAT           reduce using rule 27 (statement -> iteration_stmt .)
    CHAR_TYPE       reduce using rule 27 (statement -> iteration_stmt .)
    VOID            reduce using rule 27 (statement -> iteration_stmt .)
    NOT             reduce using rule 27 (statement -> iteration_stmt .)
    PLUS            reduce using rule 27 (statement -> iteration_stmt .)
    MINUS           reduce using rule 27 (statement -> iteration_stmt .)
    IDENTIFIER      reduce using rule 27 (statement -> iteration_stmt .)
    INT_CONST       reduce using rule 27 (statement -> iteration_stmt .)
    FLOAT_CONST     reduce using rule 27 (statement -> iteration_stmt .)
    CHAR_CONST      reduce using rule 27 (statement -> iteration_stmt .)
    STRING          reduce using rule 27 (statement -> iteration_stmt .)
    LPAREN          reduce using rule 27 (statement -> iteration_stmt .)
    SEMICOLON       reduce using rule 27 (statement -> iteration_stmt .)
    ELSE            reduce using rule 27 (statement -> iteration_stmt .)


state 95

    (28) statement -> return_stmt .

    RBRACE          reduce using rule 28 (statement -> return_stmt .)
    LBRACE          reduce using rule 28 (statement -> return_stmt .)
    IF              reduce using rule 28 (statement -> return_stmt .)
    WHILE           reduce using rule 28 (statement -> return_stmt .)
    FOR             reduce using rule 28 (statement -> return_stmt .)
    RETURN          reduce using rule 28 (statement -> return_stmt .)
    INT             reduce using rule 28 (statement -> return_stmt .)
    FLOAT           reduce using rule 28 (statement -> return_stmt .)
    CHAR_TYPE       reduce using rule 28 (statement -> return_stmt .)
    VOID            reduce using rule 28 (statement -> return_stmt .)
    NOT             reduce using rule 28 (statement -> return_stmt .)
    PLUS            reduce using rule 28 (statement -> return_stmt .)
    MINUS           reduce using rule 28 (statement -> return_stmt .)
    IDENTIFIER      reduce using rule 28 (statement -> return_stmt .)
    INT_CONST       reduce using rule 28 (statement -> return_stmt .)
    FLOAT_CONST     reduce using rule 28 (statement -> return_stmt .)
    CHAR_CONST      reduce using rule 28 (statement -> return_stmt .)
    STRING          reduce using rule 28 (statement -> return_stmt .)
    LPAREN          reduce using rule 28 (statement -> return_stmt .)
    SEMICOLON       reduce using rule 28 (statement -> return_stmt .)
    ELSE            reduce using rule 28 (statement -> return_stmt .)


state 96

    (29) statement -> declaration .

    RBRACE          reduce using rule 29 (statement -> declaration .)
    LBRACE          reduce using rule 29 (statement -> declaration .)
    IF              reduce using rule 29 (statement -> declaration .)
    WHILE           reduce using rule 29 (statement -> declaration .)
    FOR             reduce using rule 29 (statement -> declaration .)
    RETURN          reduce using rule 29 (statement -> declaration .)
    INT             reduce using rule 29 (statement -> declaration .)
    FLOAT           reduce using rule 29 (statement -> declaration .)
    CHAR_TYPE       reduce using rule 29 (statement -> declaration .)
    VOID            reduce using rule 29 (statement -> declaration .)
    NOT             reduce using rule 29 (statement -> declaration .)
    PLUS            reduce using rule 29 (statement -> declaration .)
    MINUS           reduce using rule 29 (statement -> declaration .)
    IDENTIFIER      reduce using rule 29 (statement -> declaration .)
    INT_CONST       reduce using rule 29 (statement -> declaration .)
    FLOAT_CONST     reduce using rule 29 (statement -> declaration .)
    CHAR_CONST      reduce using rule 29 (statement -> declaration .)
    STRING          reduce using rule 29 (statement -> declaration .)
    LPAREN          reduce using rule 29 (statement -> declaration .)
    SEMICOLON       reduce using rule 29 (statement -> declaration .)
    ELSE            reduce using rule 29 (statement -> declaration .)


state 97

    (30) expression_stmt -> expression_opt . SEMICOLON

    SEMICOLON       shift and go to state 105


state 98

    (33) selection_stmt -> IF . LPAREN expression RPAREN statement
    (34) selection_stmt -> IF . LPAREN expression RPAREN statement ELSE statement

    LPAREN          shift and go to state 106


state 99

    (32) expression_opt -> expression .

    SEMICOLON       reduce using rule 32 (expression_opt -> expression .)
    RPAREN          reduce using rule 32 (expression_opt -> expression .)


state 100

    (35) iteration_stmt -> WHILE . LPAREN expression RPAREN statement

    LPAREN          shift and go to state 107


state 101

    (36) iteration_stmt -> FOR . LPAREN expression_opt SEMICOLON expression_opt SEMICOLON expression_opt RPAREN statement

    LPAREN          shift and go to state 108


state 102

    (37) return_stmt -> RETURN . expression_opt SEMICOLON
    (31) expression_opt -> .
    (32) expression_opt -> . expression
    (38) expression -> . assignment_expression
    (39) assignment_expression -> . logical_or_expression
    (40) assignment_expression -> . logical_or_expression ASSIGN assignment_expression
    (41) logical_or_expression -> . logical_and_expression
    (42) logical_or_expression -> . logical_or_expression OR logical_and_expression
    (43) logical_and_expression -> . equality_expression
    (44) logical_and_expression -> . logical_and_expression AND equality_expression
    (45) equality_expression -> . relational_expression
    (46) equality_expression -> . equality_expression EQ relational_expression
    (47) equality_expression -> . equality_expression NE relational_expression
    (48) relational_expression -> . additive_expression
    (49) relational_expression -> . relational_expression LT additive_expression
    (50) relational_expression -> . relational_expression GT additive_expression
    (51) relational_expression -> . relational_expression LE additive_expression
    (52) relational_expression -> . relational_expression GE additive_expression
    (53) additive_expression -> . multiplicative_expression
    (54) additive_expression -> . additive_expression PLUS multiplicative_expression
    (55) additive_expression -> . additive_expression MINUS multiplicative_expression
    (56) multiplicative_expression -> . unary_expression
    (57) multiplicative_expression -> . multiplicative_expression TIMES unary_expression
    (58) multiplicative_expression -> . multiplicative_expression DIVIDE unary_expression
    (59) multiplicative_expression -> . multiplicative_expression MOD unary_expression
    (60) unary_expression -> . primary_expression
    (61) unary_expression -> . NOT unary_expression
    (62) unary_expression -> . PLUS unary_expression
    (63) unary_expression -> . MINUS unary_expression
    (64) primary_expression -> . IDENTIFIER
    (65) primary_expression -> . INT_CONST
    (66) primary_expression -> . FLOAT_CONST
    (67) primary_expression -> . CHAR_CONST
    (68) primary_expression -> . STRING
    (69) primary_expression -> . LPAREN expression RPAREN
    (70) primary_expression -> . IDENTIFIER LPAREN arg_list_opt RPAREN

    SEMICOLON       reduce using rule 31 (expression_opt -> .)
    NOT             shift and go to state 37
    PLUS            shift and go to state 33
    MINUS           shift and go to state 34
    IDENTIFIER      shift and go to state 24
    INT_CONST       shift and go to state 38
    FLOAT_CONST     shift and go to state 39
    CHAR_CONST      shift and go to state 40
    STRING          shift and go to state 41
    LPAREN          shift and go to state 42

    expression_opt                 shift and go to state 109
    expression                     shift and go to state 99
    assignment_expression          shift and go to state 26
    logical_or_expression          shift and go to state 27
    logical_and_expression         shift and go to state 28
    equality_expression            shift and go to state 29
    relational_expression          shift and go to state 30
    additive_expression            shift and go to state 31
    multiplicative_expression      shift and go to state 32
    unary_expression               shift and go to state 35
    primary_expression             shift and go to state 36

state 103

    (6) declaration -> type_specifier . init_declarator_list SEMICOLON
    (7) init_declarator_list -> . init_declarator
    (8) init_declarator_list -> . init_declarator_list COMMA init_declarator
    (9) init_declarator -> . IDENTIFIER
    (10) init_declarator -> . IDENTIFIER ASSIGN expression

    IDENTIFIER      shift and go to state 19

    init_declarator_list           shift and go to state 11
    init_declarator                shift and go to state 13

state 104

    (74) arg_list -> arg_list COMMA expression .

    COMMA           reduce using rule 74 (arg_list -> arg_list COMMA expression .)
    RPAREN          reduce using rule 74 (arg_list -> arg_list COMMA expression .)


state 105

    (30) expression_stmt -> expression_opt SEMICOLON .

    RBRACE          reduce using rule 30 (expression_stmt -> expression_opt SEMICOLON .)
    LBRACE          reduce using rule 30 (expression_stmt -> expression_opt SEMICOLON .)
    IF              reduce using rule 30 (expression_stmt -> expression_opt SEMICOLON .)
    WHILE           reduce using rule 30 (expression_stmt -> expression_opt SEMICOLON .)
    FOR             reduce using rule 30 (expression_stmt -> expression_opt SEMICOLON .)
    RETURN          reduce using rule 30 (expression_stmt -> expression_opt SEMICOLON .)
    INT             reduce using rule 30 (expression_stmt -> expression_opt SEMICOLON .)
    FLOAT           reduce using rule 30 (expression_stmt -> expression_opt SEMICOLON .)
    CHAR_TYPE       reduce using rule 30 (expression_stmt -> expression_opt SEMICOLON .)
    VOID            reduce using rule 30 (expression_stmt -> expression_opt SEMICOLON .)
    NOT             reduce using rule 30 (expression_stmt -> expression_opt SEMICOLON .)
    PLUS            reduce using rule 30 (expression_stmt -> expression_opt SEMICOLON .)
    MINUS           reduce using rule 30 (expression_stmt -> expression_opt SEMICOLON .)
    IDENTIFIER      reduce using rule 30 (expression_stmt -> expression_opt SEMICOLON .)
    INT_CONST       reduce using rule 30 (expression_stmt -> expression_opt SEMICOLON .)
    FLOAT_CONST     reduce using rule 30 (expression_stmt -> expression_opt SEMICOLON .)
    CHAR_CONST      reduce using rule 30 (expression_stmt -> expression_opt SEMICOLON .)
    STRING          reduce using rule 30 (expression_stmt -> expression_opt SEMICOLON .)
    LPAREN          reduce using rule 30 (expression_stmt -> expression_opt SEMICOLON .)
    SEMICOLON       reduce using rule 30 (expression_stmt -> expression_opt SEMICOLON .)
    ELSE            reduce using rule 30 (expression_stmt -> expression_opt SEMICOLON .)


state 106

    (33) selection_stmt -> IF LPAREN . expression RPAREN statement
    (34) selection_stmt -> IF LPAREN . expression RPAREN statement ELSE statement
    (38) expression -> . assignment_expression
    (39) assignment_expression -> . logical_or_expression
    (40) assignment_expression -> . logical_or_expression ASSIGN assignment_expression
    (41) logical_or_expression -> . logical_and_expression
    (42) logical_or_expression -> . logical_or_expression OR logical_and_expression
    (43) logical_and_expression -> . equality_expression
    (44) logical_and_expression -> . logical_and_expression AND equality_expression
    (45) equality_expression -> . relational_expression
    (46) equality_expression -> . equality_expression EQ relational_expression
    (47) equality_expression -> . equality_expression NE relational_expression
    (48) relational_expression -> . additive_expression
    (49) relational_expression -> . relational_expression LT additive_expression
    (50) relational_expression -> . relational_expression GT additive_expression
    (51) relational_expression -> . relational_expression LE additive_expression
    (52) relational_expression -> . relational_expression GE additive_expression
    (53) additive_expression -> . multiplicative_expression
    (54) additive_expression -> . additive_expression PLUS multiplicative_expression
    (55) additive_expression -> . additive_expression MINUS multiplicative_expression
    (56) multiplicative_expression -> . unary_expression
    (57) multiplicative_expression -> . multiplicative_expression TIMES unary_expression
    (58) multiplicative_expression -> . multiplicative_expression DIVIDE unary_expression
    (59) multiplicative_expression -> . multiplicative_expression MOD unary_expression
    (60) unary_expression -> . primary_expression
    (61) unary_expression -> . NOT unary_expression
    (62) unary_expression -> . PLUS unary_expression
    (63) unary_expression -> . MINUS unary_expression
    (64) primary_expression -> . IDENTIFIER
    (65) primary_expression -> . INT_CONST
    (66) primary_expression -> . FLOAT_CONST
    (67) primary_expression -> . CHAR_CONST
    (68) primary_expression -> . STRING
    (69) primary_expression -> . LPAREN expression RPAREN
    (70) primary_expression -> . IDENTIFIER LPAREN arg_list_opt RPAREN

    NOT             shift and go to state 37
    PLUS            shift and go to state 33
    MINUS           shift and go to state 34
    IDENTIFIER      shift and go to state 24
    INT_CONST       shift and go to state 38
    FLOAT_CONST     shift and go to state 39
    CHAR_CONST      shift and go to state 40
    STRING          shift and go to state 41
    LPAREN          shift and go to state 42

    expression                     shift and go to state 110
    assignment_expression          shift and go to state 26
    logical_or_expression          shift and go to state 27
    logical_and_expression         shift and go to state 28
    equality_expression            shift and go to state 29
    relational_expression          shift and go to state 30
    additive_expression            shift and go to state 31
    multiplicative_expression      shift and go to state 32
    unary_expression               shift and go to state 35
    primary_expression             shift and go to state 36

state 107

    (35) iteration_stmt -> WHILE LPAREN . expression RPAREN statement
    (38) expression -> . assignment_expression
    (39) assignment_expression -> . logical_or_expression
    (40) assignment_expression -> . logical_or_expression ASSIGN assignment_expression
    (41) logical_or_expression -> . logical_and_expression
    (42) logical_or_expression -> . logical_or_expression OR logical_and_expression
    (43) logical_and_expression -> . equality_expression
    (44) logical_and_expression -> . logical_and_expression AND equality_expression
    (45) equality_expression -> . relational_expression
    (46) equality_expression -> . equality_expression EQ relational_expression
    (47) equality_expression -> . equality_expression NE relational_expression
    (48) relational_expression -> . additive_expression
    (49) relational_expression -> . relational_expression LT additive_expression
    (50) relational_expression -> . relational_expression GT additive_expression
    (51) relational_expression -> . relational_expression LE additive_expression
    (52) relational_expression -> . relational_expression GE additive_expression
    (53) additive_expression -> . multiplicative_expression
    (54) additive_expression -> . additive_expression PLUS multiplicative_expression
    (55) additive_expression -> . additive_expression MINUS multiplicative_expression
    (56) multiplicative_expression -> . unary_expression
    (57) multiplicative_expression -> . multiplicative_expression TIMES unary_expression
    (58) multiplicative_expression -> . multiplicative_expression DIVIDE unary_expression
    (59) multiplicative_expression -> . multiplicative_expression MOD unary_expression
    (60) unary_expression -> . primary_expression
    (61) unary_expression -> . NOT unary_expression
    (62) unary_expression -> . PLUS unary_expression
    (63) unary_expression -> . MINUS unary_expression
    (64) primary_expression -> . IDENTIFIER
    (65) primary_expression -> . INT_CONST
    (66) primary_expression -> . FLOAT_CONST
    (67) primary_expression -> . CHAR_CONST
    (68) primary_expression -> . STRING
    (69) primary_expression -> . LPAREN expression RPAREN
    (70) primary_expression -> . IDENTIFIER LPAREN arg_list_opt RPAREN

    NOT             shift and go to state 37
    PLUS            shift and go to state 33
    MINUS           shift and go to state 34
    IDENTIFIER      shift and go to state 24
    INT_CONST       shift and go to state 38
    FLOAT_CONST     shift and go to state 39
    CHAR_CONST      shift and go to state 40
    STRING          shift and go to state 41
    LPAREN          shift and go to state 42

    expression                     shift and go to state 111
    assignment_expression          shift and go to state 26
    logical_or_expression          shift and go to state 27
    logical_and_expression         shift and go to state 28
    equality_expression            shift and go to state 29
    relational_expression          shift and go to state 30
    additive_expression            shift and go to state 31
    multiplicative_expression      shift and go to state 32
    unary_expression               shift and go to state 35
    primary_expression             shift and go to state 36

state 108

    (36) iteration_stmt -> FOR LPAREN . expression_opt SEMICOLON expression_opt SEMICOLON expression_opt RPAREN statement
    (31) expression_opt -> .
    (32) expression_opt -> . expression
    (38) expression -> . assignment_expression
    (39) assignment_expression -> . logical_or_expression
    (40) assignment_expression -> . logical_or_expression ASSIGN assignment_expression
    (41) logical_or_expression -> . logical_and_expression
    (42) logical_or_expression -> . logical_or_expression OR logical_and_expression
    (43) logical_and_expression -> . equality_expression
    (44) logical_and_expression -> . logical_and_expression AND equality_expression
    (45) equality_expression -> . relational_expression
    (46) equality_expression -> . equality_expression EQ relational_expression
    (47) equality_expression -> . equality_expression NE relational_expression
    (48) relational_expression -> . additive_expression
    (49) relational_expression -> . relational_expression LT additive_expression
    (50) relational_expression -> . relational_expression GT additive_expression
    (51) relational_expression -> . relational_expression LE additive_expression
    (52) relational_expression -> . relational_expression GE additive_expression
    (53) additive_expression -> . multiplicative_expression
    (54) additive_expression -> . additive_expression PLUS multiplicative_expression
    (55) additive_expression -> . additive_expression MINUS multiplicative_expression
    (56) multiplicative_expression -> . unary_expression
    (57) multiplicative_expression -> . multiplicative_expression TIMES unary_expression
    (58) multiplicative_expression -> . multiplicative_expression DIVIDE unary_expression
    (59) multiplicative_expression -> . multiplicative_expression MOD unary_expression
    (60) unary_expression -> . primary_expression
    (61) unary_expression -> . NOT unary_expression
    (62) unary_expression -> . PLUS unary_expression
    (63) unary_expression -> . MINUS unary_expression
    (64) primary_expression -> . IDENTIFIER
    (65) primary_expression -> . INT_CONST
    (66) primary_expression -> . FLOAT_CONST
    (67) primary_expression -> . CHAR_CONST
    (68) primary_expression -> . STRING
    (69) primary_expression -> . LPAREN expression RPAREN
    (70) primary_expression -> . IDENTIFIER LPAREN arg_list_opt RPAREN

    SEMICOLON       reduce using rule 31 (expression_opt -> .)
    NOT             shift and go to state 37
    PLUS            shift and go to state 33
    MINUS           shift and go to state 34
    IDENTIFIER      shift and go to state 24
    INT_CONST       shift and go to state 38
    FLOAT_CONST     shift and go to state 39
    CHAR_CONST      shift and go to state 40
    STRING          shift and go to state 41
    LPAREN          shift and go to state 42

    expression_opt                 shift and go to state 112
    expression                     shift and go to state 99
    assignment_expression          shift and go to state 26
    logical_or_expression          shift and go to state 27
    logical_and_expression         shift and go to state 28
    equality_expression            shift and go to state 29
    relational_expression          shift and go to state 30
    additive_expression            shift and go to state 31
    multiplicative_expression      shift and go to state 32
    unary_expression               shift and go to state 35
    primary_expression             shift and go to state 36

state 109

    (37) return_stmt -> RETURN expression_opt . SEMICOLON

    SEMICOLON       shift and go to state 113


state 110

    (33) selection_stmt -> IF LPAREN expression . RPAREN statement
    (34) selection_stmt -> IF LPAREN expression . RPAREN statement ELSE statement

    RPAREN          shift and go to state 114


state 111

    (35) iteration_stmt -> WHILE LPAREN expression . RPAREN statement

    RPAREN          shift and go to state 115


state 112

    (36) iteration_stmt -> FOR LPAREN expression_opt . SEMICOLON expression_opt SEMICOLON expression_opt RPAREN statement

    SEMICOLON       shift and go to state 116


state 113

    (37) return_stmt -> RETURN expression_opt SEMICOLON .

    RBRACE          reduce using rule 37 (return_stmt -> RETURN expression_opt SEMICOLON .)
    LBRACE          reduce using rule 37 (return_stmt -> RETURN expression_opt SEMICOLON .)
    IF              reduce using rule 37 (return_stmt -> RETURN expression_opt SEMICOLON .)
    WHILE           reduce using rule 37 (return_stmt -> RETURN expression_opt SEMICOLON .)
    FOR             reduce using rule 37 (return_stmt -> RETURN expression_opt SEMICOLON .)
    RETURN          reduce using rule 37 (return_stmt -> RETURN expression_opt SEMICOLON .)
    INT             reduce using rule 37 (return_stmt -> RETURN expression_opt SEMICOLON .)
    FLOAT           reduce using rule 37 (return_stmt -> RETURN expression_opt SEMICOLON .)
    CHAR_TYPE       reduce using rule 37 (return_stmt -> RETURN expression_opt SEMICOLON .)
    VOID            reduce using rule 37 (return_stmt -> RETURN expression_opt SEMICOLON .)
    NOT             reduce using rule 37 (return_stmt -> RETURN expression_opt SEMICOLON .)
    PLUS            reduce using rule 37 (return_stmt -> RETURN expression_opt SEMICOLON .)
    MINUS           reduce using rule 37 (return_stmt -> RETURN expression_opt SEMICOLON .)
    IDENTIFIER      reduce using rule 37 (return_stmt -> RETURN expression_opt SEMICOLON .)
    INT_CONST       reduce using rule 37 (return_stmt -> RETURN expression_opt SEMICOLON .)
    FLOAT_CONST     reduce using rule 37 (return_stmt -> RETURN expression_opt SEMICOLON .)
    CHAR_CONST      reduce using rule 37 (return_stmt -> RETURN expression_opt SEMICOLON .)
    STRING          reduce using rule 37 (return_stmt -> RETURN expression_opt SEMICOLON .)
    LPAREN          reduce using rule 37 (return_stmt -> RETURN expression_opt SEMICOLON .)
    SEMICOLON       reduce using rule 37 (return_stmt -> RETURN expression_opt SEMICOLON .)
    ELSE            reduce using rule 37 (return_stmt -> RETURN expression_opt SEMICOLON .)


state 114

    (33) selection_stmt -> IF LPAREN expression RPAREN . statement
    (34) selection_stmt -> IF LPAREN expression RPAREN . statement ELSE statement
    (24) statement -> . expression_stmt
    (25) statement -> . compound_stmt
    (26) statement -> . selection_stmt
    (27) statement -> . iteration_stmt
    (28) statement -> . return_stmt
    (29) statement -> . declaration
    (30) expression_stmt -> . expression_opt SEMICOLON
    (21) compound_stmt -> . LBRACE stmt_list RBRACE
    (33) selection_stmt -> . IF LPAREN expression RPAREN statement
    (34) selection_stmt -> . IF LPAREN expression RPAREN statement ELSE statement
    (35) iteration_stmt -> . WHILE LPAREN expression RPAREN statement
    (36) iteration_stmt -> . FOR LPAREN expression_opt SEMICOLON expression_opt SEMICOLON expression_opt RPAREN statement
    (37) return_stmt -> . RETURN expression_opt SEMICOLON
    (6) declaration -> . type_specifier init_declarator_list SEMICOLON
    (31) expression_opt -> .
    (32) expression_opt -> . expression
    (11) type_specifier -> . INT
    (12) type_specifier -> . FLOAT
    (13) type_specifier -> . CHAR_TYPE
    (14) type_specifier -> . VOID
    (38) expression -> . assignment_expression
    (39) assignment_expression -> . logical_or_expression
    (40) assignment_expression -> . logical_or_expression ASSIGN assignment_expression
    (41) logical_or_expression -> . logical_and_expression
    (42) logical_or_expression -> . logical_or_expression OR logical_and_expression
    (43) logical_and_expression -> . equality_expression
    (44) logical_and_expression -> . logical_and_expression AND equality_expression
    (45) equality_expression -> . relational_expression
    (46) equality_expression -> . equality_expression EQ relational_expression
    (47) equality_expression -> . equality_expression NE relational_expression
    (48) relational_expression -> . additive_expression
    (49) relational_expression -> . relational_expression LT additive_expression
    (50) relational_expression -> . relational_expression GT additive_expression
    (51) relational_expression -> . relational_expression LE additive_expression
    (52) relational_expression -> . relational_expression GE additive_expression
    (53) additive_expression -> . multiplicative_expression
    (54) additive_expression -> . additive_expression PLUS multiplicative_expression
    (55) additive_expression -> . additive_expression MINUS multiplicative_expression
    (56) multiplicative_expression -> . unary_expression
    (57) multiplicative_expression -> . multiplicative_expression TIMES unary_expression
    (58) multiplicative_expression -> . multiplicative_expression DIVIDE unary_expression
    (59) multiplicative_expression -> . multiplicative_expression MOD unary_expression
    (60) unary_expression -> . primary_expression
    (61) unary_expression -> . NOT unary_expression
    (62) unary_expression -> . PLUS unary_expression
    (63) unary_expression -> . MINUS unary_expression
    (64) primary_expression -> . IDENTIFIER
    (65) primary_expression -> . INT_CONST
    (66) primary_expression -> . FLOAT_CONST
    (67) primary_expression -> . CHAR_CONST
    (68) primary_expression -> . STRING
    (69) primary_expression -> . LPAREN expression RPAREN
    (70) primary_expression -> . IDENTIFIER LPAREN arg_list_opt RPAREN

    LBRACE          shift and go to state 66
    IF              shift and go to state 98
    WHILE           shift and go to state 100
    FOR             shift and go to state 101
    RETURN          shift and go to state 102
    SEMICOLON       reduce using rule 31 (expression_opt -> .)
    INT             shift and go to state 7
    FLOAT           shift and go to state 8
    CHAR_TYPE       shift and go to state 9
    VOID            shift and go to state 10
    NOT             shift and go to state 37
    PLUS            shift and go to state 33
    MINUS           shift and go to state 34
    IDENTIFIER      shift and go to state 24
    INT_CONST       shift and go to state 38
    FLOAT_CONST     shift and go to state 39
    CHAR_CONST      shift and go to state 40
    STRING          shift and go to state 41
    LPAREN          shift and go to state 42

    expression                     shift and go to state 99
    statement                      shift and go to state 117
    expression_stmt                shift and go to state 91
    compound_stmt                  shift and go to state 92
    selection_stmt                 shift and go to state 93
    iteration_stmt                 shift and go to state 94
    return_stmt                    shift and go to state 95
    declaration                    shift and go to state 96
    expression_opt                 shift and go to state 97
    type_specifier                 shift and go to state 103
    assignment_expression          shift and go to state 26
    logical_or_expression          shift and go to state 27
    logical_and_expression         shift and go to state 28
    equality_expression            shift and go to state 29
    relational_expression          shift and go to state 30
    additive_expression            shift and go to state 31
    multiplicative_expression      shift and go to state 32
    unary_expression               shift and go to state 35
    primary_expression             shift and go to state 36

state 115

    (35) iteration_stmt -> WHILE LPAREN expression RPAREN . statement
    (24) statement -> . expression_stmt
    (25) statement -> . compound_stmt
    (26) statement -> . selection_stmt
    (27) statement -> . iteration_stmt
    (28) statement -> . return_stmt
    (29) statement -> . declaration
    (30) expression_stmt -> . expression_opt SEMICOLON
    (21) compound_stmt -> . LBRACE stmt_list RBRACE
    (33) selection_stmt -> . IF LPAREN expression RPAREN statement
    (34) selection_stmt -> . IF LPAREN expression RPAREN statement ELSE statement
    (35) iteration_stmt -> . WHILE LPAREN expression RPAREN statement
    (36) iteration_stmt -> . FOR LPAREN expression_opt SEMICOLON expression_opt SEMICOLON expression_opt RPAREN statement
    (37) return_stmt -> . RETURN expression_opt SEMICOLON
    (6) declaration -> . type_specifier init_declarator_list SEMICOLON
    (31) expression_opt -> .
    (32) expression_opt -> . expression
    (11) type_specifier -> . INT
    (12) type_specifier -> . FLOAT
    (13) type_specifier -> . CHAR_TYPE
    (14) type_specifier -> . VOID
    (38) expression -> . assignment_expression
    (39) assignment_expression -> . logical_or_expression
    (40) assignment_expression -> . logical_or_expression ASSIGN assignment_expression
    (41) logical_or_expression -> . logical_and_expression
    (42) logical_or_expression -> . logical_or_expression OR logical_and_expression
    (43) logical_and_expression -> . equality_expression
    (44) logical_and_expression -> . logical_and_expression AND equality_expression
    (45) equality_expression -> . relational_expression
    (46) equality_expression -> . equality_expression EQ relational_expression
    (47) equality_expression -> . equality_expression NE relational_expression
    (48) relational_expression -> . additive_expression
    (49) relational_expression -> . relational_expression LT additive_expression
    (50) relational_expression -> . relational_expression GT additive_expression
    (51) relational_expression -> . relational_expression LE additive_expression
    (52) relational_expression -> . relational_expression GE additive_expression
    (53) additive_expression -> . multiplicative_expression
    (54) additive_expression -> . additive_expression PLUS multiplicative_expression
    (55) additive_expression -> . additive_expression MINUS multiplicative_expression
    (56) multiplicative_expression -> . unary_expression
    (57) multiplicative_expression -> . multiplicative_expression TIMES unary_expression
    (58) multiplicative_expression -> . multiplicative_expression DIVIDE unary_expression
    (59) multiplicative_expression -> . multiplicative_expression MOD unary_expression
    (60) unary_expression -> . primary_expression
    (61) unary_expression -> . NOT unary_expression
    (62) unary_expression -> . PLUS unary_expression
    (63) unary_expression -> . MINUS unary_expression
    (64) primary_expression -> . IDENTIFIER
    (65) primary_expression -> . INT_CONST
    (66) primary_expression -> . FLOAT_CONST
    (67) primary_expression -> . CHAR_CONST
    (68) primary_expression -> . STRING
    (69) primary_expression -> . LPAREN expression RPAREN
    (70) primary_expression -> . IDENTIFIER LPAREN arg_list_opt RPAREN

    LBRACE          shift and go to state 66
    IF              shift and go to state 98
    WHILE           shift and go to state 100
    FOR             shift and go to state 101
    RETURN          shift and go to state 102
    SEMICOLON       reduce using rule 31 (expression_opt -> .)
    INT             shift and go to state 7
    FLOAT           shift and go to state 8
    CHAR_TYPE       shift and go to state 9
    VOID            shift and go to state 10
    NOT             shift and go to state 37
    PLUS            shift and go to state 33
    MINUS           shift and go to state 34
    IDENTIFIER      shift and go to state 24
    INT_CONST       shift and go to state 38
    FLOAT_CONST     shift and go to state 39
    CHAR_CONST      shift and go to state 40
    STRING          shift and go to state 41
    LPAREN          shift and go to state 42

    expression                     shift and go to state 99
    statement                      shift and go to state 118
    expression_stmt                shift and go to state 91
    compound_stmt                  shift and go to state 92
    selection_stmt                 shift and go to state 93
    iteration_stmt                 shift and go to state 94
    return_stmt                    shift and go to state 95
    declaration                    shift and go to state 96
    expression_opt                 shift and go to state 97
    type_specifier                 shift and go to state 103
    assignment_expression          shift and go to state 26
    logical_or_expression          shift and go to state 27
    logical_and_expression         shift and go to state 28
    equality_expression            shift and go to state 29
    relational_expression          shift and go to state 30
    additive_expression            shift and go to state 31
    multiplicative_expression      shift and go to state 32
    unary_expression               shift and go to state 35
    primary_expression             shift and go to state 36

state 116

    (36) iteration_stmt -> FOR LPAREN expression_opt SEMICOLON . expression_opt SEMICOLON expression_opt RPAREN statement
    (31) expression_opt -> .
    (32) expression_opt -> . expression
    (38) expression -> . assignment_expression
    (39) assignment_expression -> . logical_or_expression
    (40) assignment_expression -> . logical_or_expression ASSIGN assignment_expression
    (41) logical_or_expression -> . logical_and_expression
    (42) logical_or_expression -> . logical_or_expression OR logical_and_expression
    (43) logical_and_expression -> . equality_expression
    (44) logical_and_expression -> . logical_and_expression AND equality_expression
    (45) equality_expression -> . relational_expression
    (46) equality_expression -> . equality_expression EQ relational_expression
    (47) equality_expression -> . equality_expression NE relational_expression
    (48) relational_expression -> . additive_expression
    (49) relational_expression -> . relational_expression LT additive_expression
    (50) relational_expression -> . relational_expression GT additive_expression
    (51) relational_expression -> . relational_expression LE additive_expression
    (52) relational_expression -> . relational_expression GE additive_expression
    (53) additive_expression -> . multiplicative_expression
    (54) additive_expression -> . additive_expression PLUS multiplicative_expression
    (55) additive_expression -> . additive_expression MINUS multiplicative_expression
    (56) multiplicative_expression -> . unary_expression
    (57) multiplicative_expression -> . multiplicative_expression TIMES unary_expression
    (58) multiplicative_expression -> . multiplicative_expression DIVIDE unary_expression
    (59) multiplicative_expression -> . multiplicative_expression MOD unary_expression
    (60) unary_expression -> . primary_expression
    (61) unary_expression -> . NOT unary_expression
    (62) unary_expression -> . PLUS unary_expression
    (63) unary_expression -> . MINUS unary_expression
    (64) primary_expression -> . IDENTIFIER
    (65) primary_expression -> . INT_CONST
    (66) primary_expression -> . FLOAT_CONST
    (67) primary_expression -> . CHAR_CONST
    (68) primary_expression -> . STRING
    (69) primary_expression -> . LPAREN expression RPAREN
    (70) primary_expression -> . IDENTIFIER LPAREN arg_list_opt RPAREN

    SEMICOLON       reduce using rule 31 (expression_opt -> .)
    NOT             shift and go to state 37
    PLUS            shift and go to state 33
    MINUS           shift and go to state 34
    IDENTIFIER      shift and go to state 24
    INT_CONST       shift and go to state 38
    FLOAT_CONST     shift and go to state 39
    CHAR_CONST      shift and go to state 40
    STRING          shift and go to state 41
    LPAREN          shift and go to state 42

    expression_opt                 shift and go to state 119
    expression                     shift and go to state 99
    assignment_expression          shift and go to state 26
    logical_or_expression          shift and go to state 27
    logical_and_expression         shift and go to state 28
    equality_expression            shift and go to state 29
    relational_expression          shift and go to state 30
    additive_expression            shift and go to state 31
    multiplicative_expression      shift and go to state 32
    unary_expression               shift and go to state 35
    primary_expression             shift and go to state 36

state 117

    (33) selection_stmt -> IF LPAREN expression RPAREN statement .
    (34) selection_stmt -> IF LPAREN expression RPAREN statement . ELSE statement

  ! shift/reduce conflict for ELSE resolved as shift
    RBRACE          reduce using rule 33 (selection_stmt -> IF LPAREN expression RPAREN statement .)
    LBRACE          reduce using rule 33 (selection_stmt -> IF LPAREN expression RPAREN statement .)
    IF              reduce using rule 33 (selection_stmt -> IF LPAREN expression RPAREN statement .)
    WHILE           reduce using rule 33 (selection_stmt -> IF LPAREN expression RPAREN statement .)
    FOR             reduce using rule 33 (selection_stmt -> IF LPAREN expression RPAREN statement .)
    RETURN          reduce using rule 33 (selection_stmt -> IF LPAREN expression RPAREN statement .)
    INT             reduce using rule 33 (selection_stmt -> IF LPAREN expression RPAREN statement .)
    FLOAT           reduce using rule 33 (selection_stmt -> IF LPAREN expression RPAREN statement .)
    CHAR_TYPE       reduce using rule 33 (selection_stmt -> IF LPAREN expression RPAREN statement .)
    VOID            reduce using rule 33 (selection_stmt -> IF LPAREN expression RPAREN statement .)
    NOT             reduce using rule 33 (selection_stmt -> IF LPAREN expression RPAREN statement .)
    PLUS            reduce using rule 33 (selection_stmt -> IF LPAREN expression RPAREN statement .)
    MINUS           reduce using rule 33 (selection_stmt -> IF LPAREN expression RPAREN statement .)
    IDENTIFIER      reduce using rule 33 (selection_stmt -> IF LPAREN expression RPAREN statement .)
    INT_CONST       reduce using rule 33 (selection_stmt -> IF LPAREN expression RPAREN statement .)
    FLOAT_CONST     reduce using rule 33 (selection_stmt -> IF LPAREN expression RPAREN statement .)
    CHAR_CONST      reduce using rule 33 (selection_stmt -> IF LPAREN expression RPAREN statement .)
    STRING          reduce using rule 33 (selection_stmt -> IF LPAREN expression RPAREN statement .)
    LPAREN          reduce using rule 33 (selection_stmt -> IF LPAREN expression RPAREN statement .)
    SEMICOLON       reduce using rule 33 (selection_stmt -> IF LPAREN expression RPAREN statement .)
    ELSE            shift and go to state 120

  ! ELSE            [ reduce using rule 33 (selection_stmt -> IF LPAREN expression RPAREN statement .) ]


state 118

    (35) iteration_stmt -> WHILE LPAREN expression RPAREN statement .

    RBRACE          reduce using rule 35 (iteration_stmt -> WHILE LPAREN expression RPAREN statement .)
    LBRACE          reduce using rule 35 (iteration_stmt -> WHILE LPAREN expression RPAREN statement .)
    IF              reduce using rule 35 (iteration_stmt -> WHILE LPAREN expression RPAREN statement .)
    WHILE           reduce using rule 35 (iteration_stmt -> WHILE LPAREN expression RPAREN statement .)
    FOR             reduce using rule 35 (iteration_stmt -> WHILE LPAREN expression RPAREN statement .)
    RETURN          reduce using rule 35 (iteration_stmt -> WHILE LPAREN expression RPAREN statement .)
    INT             reduce using rule 35 (iteration_stmt -> WHILE LPAREN expression RPAREN statement .)
    FLOAT           reduce using rule 35 (iteration_stmt -> WHILE LPAREN expression RPAREN statement .)
    CHAR_TYPE       reduce using rule 35 (iteration_stmt -> WHILE LPAREN expression RPAREN statement .)
    VOID            reduce using rule 35 (iteration_stmt -> WHILE LPAREN expression RPAREN statement .)
    NOT             reduce using rule 35 (iteration_stmt -> WHILE LPAREN expression RPAREN statement .)
    PLUS            reduce using rule 35 (iteration_stmt -> WHILE LPAREN expression RPAREN statement .)
    MINUS           reduce using rule 35 (iteration_stmt -> WHILE LPAREN expression RPAREN statement .)
    IDENTIFIER      reduce using rule 35 (iteration_stmt -> WHILE LPAREN expression RPAREN statement .)
    INT_CONST       reduce using rule 35 (iteration_stmt -> WHILE LPAREN expression RPAREN statement .)
    FLOAT_CONST     reduce using rule 35 (iteration_stmt -> WHILE LPAREN expression RPAREN statement .)
    CHAR_CONST      reduce using rule 35 (iteration_stmt -> WHILE LPAREN expression RPAREN statement .)
    STRING          reduce using rule 35 (iteration_stmt -> WHILE LPAREN expression RPAREN statement .)
    LPAREN          reduce using rule 35 (iteration_stmt -> WHILE LPAREN expression RPAREN statement .)
    SEMICOLON       reduce using rule 35 (iteration_stmt -> WHILE LPAREN expression RPAREN statement .)
    ELSE            reduce using rule 35 (iteration_stmt -> WHILE LPAREN expression RPAREN statement .)


state 119

    (36) iteration_stmt -> FOR LPAREN expression_opt SEMICOLON expression_opt . SEMICOLON expression_opt RPAREN statement

    SEMICOLON       shift and go to state 121


state 120

    (34) selection_stmt -> IF LPAREN expression RPAREN statement ELSE . statement
    (24) statement -> . expression_stmt
    (25) statement -> . compound_stmt
    (26) statement -> . selection_stmt
    (27) statement -> . iteration_stmt
    (28) statement -> . return_stmt
    (29) statement -> . declaration
    (30) expression_stmt -> . expression_opt SEMICOLON
    (21) compound_stmt -> . LBRACE stmt_list RBRACE
    (33) selection_stmt -> . IF LPAREN expression RPAREN statement
    (34) selection_stmt -> . IF LPAREN expression RPAREN statement ELSE statement
    (35) iteration_stmt -> . WHILE LPAREN expression RPAREN statement
    (36) iteration_stmt -> . FOR LPAREN expression_opt SEMICOLON expression_opt SEMICOLON expression_opt RPAREN statement
    (37) return_stmt -> . RETURN expression_opt SEMICOLON
    (6) declaration -> . type_specifier init_declarator_list SEMICOLON
    (31) expression_opt -> .
    (32) expression_opt -> . expression
    (11) type_specifier -> . INT
    (12) type_specifier -> . FLOAT
    (13) type_specifier -> . CHAR_TYPE
    (14) type_specifier -> . VOID
    (38) expression -> . assignment_expression
    (39) assignment_expression -> . logical_or_expression
    (40) assignment_expression -> . logical_or_expression ASSIGN assignment_expression
    (41) logical_or_expression -> . logical_and_expression
    (42) logical_or_expression -> . logical_or_expression OR logical_and_expression
    (43) logical_and_expression -> . equality_expression
    (44) logical_and_expression -> . logical_and_expression AND equality_expression
    (45) equality_expression -> . relational_expression
    (46) equality_expression -> . equality_expression EQ relational_expression
    (47) equality_expression -> . equality_expression NE relational_expression
    (48) relational_expression -> . additive_expression
    (49) relational_expression -> . relational_expression LT additive_expression
    (50) relational_expression -> . relational_expression GT additive_expression
    (51) relational_expression -> . relational_expression LE additive_expression
    (52) relational_expression -> . relational_expression GE additive_expression
    (53) additive_expression -> . multiplicative_expression
    (54) additive_expression -> . additive_expression PLUS multiplicative_expression
    (55) additive_expression -> . additive_expression MINUS multiplicative_expression
    (56) multiplicative_expression -> . unary_expression
    (57) multiplicative_expression -> . multiplicative_expression TIMES unary_expression
    (58) multiplicative_expression -> . multiplicative_expression DIVIDE unary_expression
    (59) multiplicative_expression -> . multiplicative_expression MOD unary_expression
    (60) unary_expression -> . primary_expression
    (61) unary_expression -> . NOT unary_expression
    (62) unary_expression -> . PLUS unary_expression
    (63) unary_expression -> . MINUS unary_expression
    (64) primary_expression -> . IDENTIFIER
    (65) primary_expression -> . INT_CONST
    (66) primary_expression -> . FLOAT_CONST
    (67) primary_expression -> . CHAR_CONST
    (68) primary_expression -> . STRING
    (69) primary_expression -> . LPAREN expression RPAREN
    (70) primary_expression -> . IDENTIFIER LPAREN arg_list_opt RPAREN

    LBRACE          shift and go to state 66
    IF              shift and go to state 98
    WHILE           shift and go to state 100
    FOR             shift and go to state 101
    RETURN          shift and go to state 102
    SEMICOLON       reduce using rule 31 (expression_opt -> .)
    INT             shift and go to state 7
    FLOAT           shift and go to state 8
    CHAR_TYPE       shift and go to state 9
    VOID            shift and go to state 10
    NOT             shift and go to state 37
    PLUS            shift and go to state 33
    MINUS           shift and go to state 34
    IDENTIFIER      shift and go to state 24
    INT_CONST       shift and go to state 38
    FLOAT_CONST     shift and go to state 39
    CHAR_CONST      shift and go to state 40
    STRING          shift and go to state 41
    LPAREN          shift and go to state 42

    expression                     shift and go to state 99
    statement                      shift and go to state 122
    expression_stmt                shift and go to state 91
    compound_stmt                  shift and go to state 92
    selection_stmt                 shift and go to state 93
    iteration_stmt                 shift and go to state 94
    return_stmt                    shift and go to state 95
    declaration                    shift and go to state 96
    expression_opt                 shift and go to state 97
    type_specifier                 shift and go to state 103
    assignment_expression          shift and go to state 26
    logical_or_expression          shift and go to state 27
    logical_and_expression         shift and go to state 28
    equality_expression            shift and go to state 29
    relational_expression          shift and go to state 30
    additive_expression            shift and go to state 31
    multiplicative_expression      shift and go to state 32
    unary_expression               shift and go to state 35
    primary_expression             shift and go to state 36

state 121

    (36) iteration_stmt -> FOR LPAREN expression_opt SEMICOLON expression_opt SEMICOLON . expression_opt RPAREN statement
    (31) expression_opt -> .
    (32) expression_opt -> . expression
    (38) expression -> . assignment_expression
    (39) assignment_expression -> . logical_or_expression
    (40) assignment_expression -> . logical_or_expression ASSIGN assignment_expression
    (41) logical_or_expression -> . logical_and_expression
    (42) logical_or_expression -> . logical_or_expression OR logical_and_expression
    (43) logical_and_expression -> . equality_expression
    (44) logical_and_expression -> . logical_and_expression AND equality_expression
    (45) equality_expression -> . relational_expression
    (46) equality_expression -> . equality_expression EQ relational_expression
    (47) equality_expression -> . equality_expression NE relational_expression
    (48) relational_expression -> . additive_expression
    (49) relational_expression -> . relational_expression LT additive_expression
    (50) relational_expression -> . relational_expression GT additive_expression
    (51) relational_expression -> . relational_expression LE additive_expression
    (52) relational_expression -> . relational_expression GE additive_expression
    (53) additive_expression -> . multiplicative_expression
    (54) additive_expression -> . additive_expression PLUS multiplicative_expression
    (55) additive_expression -> . additive_expression MINUS multiplicative_expression
    (56) multiplicative_expression -> . unary_expression
    (57) multiplicative_expression -> . multiplicative_expression TIMES unary_expression
    (58) multiplicative_expression -> . multiplicative_expression DIVIDE unary_expression
    (59) multiplicative_expression -> . multiplicative_expression MOD unary_expression
    (60) unary_expression -> . primary_expression
    (61) unary_expression -> . NOT unary_expression
    (62) unary_expression -> . PLUS unary_expression
    (63) unary_expression -> . MINUS unary_expression
    (64) primary_expression -> . IDENTIFIER
    (65) primary_expression -> . INT_CONST
    (66) primary_expression -> . FLOAT_CONST
    (67) primary_expression -> . CHAR_CONST
    (68) primary_expression -> . STRING
    (69) primary_expression -> . LPAREN expression RPAREN
    (70) primary_expression -> . IDENTIFIER LPAREN arg_list_opt RPAREN

    RPAREN          reduce using rule 31 (expression_opt -> .)
    NOT             shift and go to state 37
    PLUS            shift and go to state 33
    MINUS           shift and go to state 34
    IDENTIFIER      shift and go to state 24
    INT_CONST       shift and go to state 38
    FLOAT_CONST     shift and go to state 39
    CHAR_CONST      shift and go to state 40
    STRING          shift and go to state 41
    LPAREN          shift and go to state 42

    expression_opt                 shift and go to state 123
    expression                     shift and go to state 99
    assignment_expression          shift and go to state 26
    logical_or_expression          shift and go to state 27
    logical_and_expression         shift and go to state 28
    equality_expression            shift and go to state 29
    relational_expression          shift and go to state 30
    additive_expression            shift and go to state 31
    multiplicative_expression      shift and go to state 32
    unary_expression               shift and go to state 35
    primary_expression             shift and go to state 36

state 122

    (34) selection_stmt -> IF LPAREN expression RPAREN statement ELSE statement .

    RBRACE          reduce using rule 34 (selection_stmt -> IF LPAREN expression RPAREN statement ELSE statement .)
    LBRACE          reduce using rule 34 (selection_stmt -> IF LPAREN expression RPAREN statement ELSE statement .)
    IF              reduce using rule 34 (selection_stmt -> IF LPAREN expression RPAREN statement ELSE statement .)
    WHILE           reduce using rule 34 (selection_stmt -> IF LPAREN expression RPAREN statement ELSE statement .)
    FOR             reduce using rule 34 (selection_stmt -> IF LPAREN expression RPAREN statement ELSE statement .)
    RETURN          reduce using rule 34 (selection_stmt -> IF LPAREN expression RPAREN statement ELSE statement .)
    INT             reduce using rule 34 (selection_stmt -> IF LPAREN expression RPAREN statement ELSE statement .)
    FLOAT           reduce using rule 34 (selection_stmt -> IF LPAREN expression RPAREN statement ELSE statement .)
    CHAR_TYPE       reduce using rule 34 (selection_stmt -> IF LPAREN expression RPAREN statement ELSE statement .)
    VOID            reduce using rule 34 (selection_stmt -> IF LPAREN expression RPAREN statement ELSE statement .)
    NOT             reduce using rule 34 (selection_stmt -> IF LPAREN expression RPAREN statement ELSE statement .)
    PLUS            reduce using rule 34 (selection_stmt -> IF LPAREN expression RPAREN statement ELSE statement .)
    MINUS           reduce using rule 34 (selection_stmt -> IF LPAREN expression RPAREN statement ELSE statement .)
    IDENTIFIER      reduce using rule 34 (selection_stmt -> IF LPAREN expression RPAREN statement ELSE statement .)
    INT_CONST       reduce using rule 34 (selection_stmt -> IF LPAREN expression RPAREN statement ELSE statement .)
    FLOAT_CONST     reduce using rule 34 (selection_stmt -> IF LPAREN expression RPAREN statement ELSE statement .)
    CHAR_CONST      reduce using rule 34 (selection_stmt -> IF LPAREN expression RPAREN statement ELSE statement .)
    STRING          reduce using rule 34 (selection_stmt -> IF LPAREN expression RPAREN statement ELSE statement .)
    LPAREN          reduce using rule 34 (selection_stmt -> IF LPAREN expression RPAREN statement ELSE statement .)
    SEMICOLON       reduce using rule 34 (selection_stmt -> IF LPAREN expression RPAREN statement ELSE statement .)
    ELSE            reduce using rule 34 (selection_stmt -> IF LPAREN expression RPAREN statement ELSE statement .)


state 123

    (36) iteration_stmt -> FOR LPAREN expression_opt SEMICOLON expression_opt SEMICOLON expression_opt . RPAREN statement

    RPAREN          shift and go to state 124


state 124

    (36) iteration_stmt -> FOR LPAREN expression_opt SEMICOLON expression_opt SEMICOLON expression_opt RPAREN . statement
    (24) statement -> . expression_stmt
    (25) statement -> . compound_stmt
    (26) statement -> . selection_stmt
    (27) statement -> . iteration_stmt
    (28) statement -> . return_stmt
    (29) statement -> . declaration
    (30) expression_stmt -> . expression_opt SEMICOLON
    (21) compound_stmt -> . LBRACE stmt_list RBRACE
    (33) selection_stmt -> . IF LPAREN expression RPAREN statement
    (34) selection_stmt -> . IF LPAREN expression RPAREN statement ELSE statement
    (35) iteration_stmt -> . WHILE LPAREN expression RPAREN statement
    (36) iteration_stmt -> . FOR LPAREN expression_opt SEMICOLON expression_opt SEMICOLON expression_opt RPAREN statement
    (37) return_stmt -> . RETURN expression_opt SEMICOLON
    (6) declaration -> . type_specifier init_declarator_list SEMICOLON
    (31) expression_opt -> .
    (32) expression_opt -> . expression
    (11) type_specifier -> . INT
    (12) type_specifier -> . FLOAT
    (13) type_specifier -> . CHAR_TYPE
    (14) type_specifier -> . VOID
    (38) expression -> . assignment_expression
    (39) assignment_expression -> . logical_or_expression
    (40) assignment_expression -> . logical_or_expression ASSIGN assignment_expression
    (41) logical_or_expression -> . logical_and_expression
    (42) logical_or_expression -> . logical_or_expression OR logical_and_expression
    (43) logical_and_expression -> . equality_expression
    (44) logical_and_expression -> . logical_and_expression AND equality_expression
    (45) equality_expression -> . relational_expression
    (46) equality_expression -> . equality_expression EQ relational_expression
    (47) equality_expression -> . equality_expression NE relational_expression
    (48) relational_expression -> . additive_expression
    (49) relational_expression -> . relational_expression LT additive_expression
    (50) relational_expression -> . relational_expression GT additive_expression
    (51) relational_expression -> . relational_expression LE additive_expression
    (52) relational_expression -> . relational_expression GE additive_expression
    (53) additive_expression -> . multiplicative_expression
    (54) additive_expression -> . additive_expression PLUS multiplicative_expression
    (55) additive_expression -> . additive_expression MINUS multiplicative_expression
    (56) multiplicative_expression -> . unary_expression
    (57) multiplicative_expression -> . multiplicative_expression TIMES unary_expression
    (58) multiplicative_expression -> . multiplicative_expression DIVIDE unary_expression
    (59) multiplicative_expression -> . multiplicative_expression MOD unary_expression
    (60) unary_expression -> . primary_expression
    (61) unary_expression -> . NOT unary_expression
    (62) unary_expression -> . PLUS unary_expression
    (63) unary_expression -> . MINUS unary_expression
    (64) primary_expression -> . IDENTIFIER
    (65) primary_expression -> . INT_CONST
    (66) primary_expression -> . FLOAT_CONST
    (67) primary_expression -> . CHAR_CONST
    (68) primary_expression -> . STRING
    (69) primary_expression -> . LPAREN expression RPAREN
    (70) primary_expression -> . IDENTIFIER LPAREN arg_list_opt RPAREN

    LBRACE          shift and go to state 66
    IF              shift and go to state 98
    WHILE           shift and go to state 100
    FOR             shift and go to state 101
    RETURN          shift and go to state 102
    SEMICOLON       reduce using rule 31 (expression_opt -> .)
    INT             shift and go to state 7
    FLOAT           shift and go to state 8
    CHAR_TYPE       shift and go to state 9
    VOID            shift and go to state 10
    NOT             shift and go to state 37
    PLUS            shift and go to state 33
    MINUS           shift and go to state 34
    IDENTIFIER      shift and go to state 24
    INT_CONST       shift and go to state 38
    FLOAT_CONST     shift and go to state 39
    CHAR_CONST      shift and go to state 40
    STRING          shift and go to state 41
    LPAREN          shift and go to state 42

    expression_opt                 shift and go to state 97
    statement                      shift and go to state 125
    expression_stmt                shift and go to state 91
    compound_stmt                  shift and go to state 92
    selection_stmt                 shift and go to state 93
    iteration_stmt                 shift and go to state 94
    return_stmt                    shift and go to state 95
    declaration                    shift and go to state 96
    expression                     shift and go to state 99
    type_specifier                 shift and go to state 103
    assignment_expression          shift and go to state 26
    logical_or_expression          shift and go to state 27
    logical_and_expression         shift and go to state 28
    equality_expression            shift and go to state 29
    relational_expression          shift and go to state 30
    additive_expression            shift and go to state 31
    multiplicative_expression      shift and go to state 32
    unary_expression               shift and go to state 35
    primary_expression             shift and go to state 36

state 125

    (36) iteration_stmt -> FOR LPAREN expression_opt SEMICOLON expression_opt SEMICOLON expression_opt RPAREN statement .

    RBRACE          reduce using rule 36 (iteration_stmt -> FOR LPAREN expression_opt SEMICOLON expression_opt SEMICOLON expression_opt RPAREN statement .)
    LBRACE          reduce using rule 36 (iteration_stmt -> FOR LPAREN expression_opt SEMICOLON expression_opt SEMICOLON expression_opt RPAREN statement .)
    IF              reduce using rule 36 (iteration_stmt -> FOR LPAREN expression_opt SEMICOLON expression_opt SEMICOLON expression_opt RPAREN statement .)
    WHILE           reduce using rule 36 (iteration_stmt -> FOR LPAREN expression_opt SEMICOLON expression_opt SEMICOLON expression_opt RPAREN statement .)
    FOR             reduce using rule 36 (iteration_stmt -> FOR LPAREN expression_opt SEMICOLON expression_opt SEMICOLON expression_opt RPAREN statement .)
    RETURN          reduce using rule 36 (iteration_stmt -> FOR LPAREN expression_opt SEMICOLON expression_opt SEMICOLON expression_opt RPAREN statement .)
    INT             reduce using rule 36 (iteration_stmt -> FOR LPAREN expression_opt SEMICOLON expression_opt SEMICOLON expression_opt RPAREN statement .)
    FLOAT           reduce using rule 36 (iteration_stmt -> FOR LPAREN expression_opt SEMICOLON expression_opt SEMICOLON expression_opt RPAREN statement .)
    CHAR_TYPE       reduce using rule 36 (iteration_stmt -> FOR LPAREN expression_opt SEMICOLON expression_opt SEMICOLON expression_opt RPAREN statement .)
    VOID            reduce using rule 36 (iteration_stmt -> FOR LPAREN expression_opt SEMICOLON expression_opt SEMICOLON expression_opt RPAREN statement .)
    NOT             reduce using rule 36 (iteration_stmt -> FOR LPAREN expression_opt SEMICOLON expression_opt SEMICOLON expression_opt RPAREN statement .)
    PLUS            reduce using rule 36 (iteration_stmt -> FOR LPAREN expression_opt SEMICOLON expression_opt SEMICOLON expression_opt RPAREN statement .)
    MINUS           reduce using rule 36 (iteration_stmt -> FOR LPAREN expression_opt SEMICOLON expression_opt SEMICOLON expression_opt RPAREN statement .)
    IDENTIFIER      reduce using rule 36 (iteration_stmt -> FOR LPAREN expression_opt SEMICOLON expression_opt SEMICOLON expression_opt RPAREN statement .)
    INT_CONST       reduce using rule 36 (iteration_stmt -> FOR LPAREN expression_opt SEMICOLON expression_opt SEMICOLON expression_opt RPAREN statement .)
    FLOAT_CONST     reduce using rule 36 (iteration_stmt -> FOR LPAREN expression_opt SEMICOLON expression_opt SEMICOLON expression_opt RPAREN statement .)
    CHAR_CONST      reduce using rule 36 (iteration_stmt -> FOR LPAREN expression_opt SEMICOLON expression_opt SEMICOLON expression_opt RPAREN statement .)
    STRING          reduce using rule 36 (iteration_stmt -> FOR LPAREN expression_opt SEMICOLON expression_opt SEMICOLON expression_opt RPAREN statement .)
    LPAREN          reduce using rule 36 (iteration_stmt -> FOR LPAREN expression_opt SEMICOLON expression_opt SEMICOLON expression_opt RPAREN statement .)
    SEMICOLON       reduce using rule 36 (iteration_stmt -> FOR LPAREN expression_opt SEMICOLON expression_opt SEMICOLON expression_opt RPAREN statement .)
    ELSE            reduce using rule 36 (iteration_stmt -> FOR LPAREN expression_opt SEMICOLON expression_opt SEMICOLON expression_opt RPAREN statement .)

WARNING: 
WARNING: Conflicts:
WARNING: 
WARNING: shift/reduce conflict for ELSE in state 117 resolved as shift
